/*
Navicat MySQL Data Transfer

Source Server         : localhost
Source Server Version : 50605
Source Host           : localhost:3306
Source Database       : shtd_student

Target Server Type    : MYSQL
Target Server Version : 50605
File Encoding         : 65001

Date: 2022-12-14 17:13:58
*/

SET FOREIGN_KEY_CHECKS=0;

-- ----------------------------
-- Table structure for tb_class
-- ----------------------------
DROP TABLE IF EXISTS `tb_class`;
CREATE TABLE `tb_class` (
  `cid` int(11) NOT NULL,
  `cname` varchar(50) DEFAULT NULL,
  `specialty` varchar(50) DEFAULT NULL,
  `school` varchar(100) DEFAULT NULL
) ENGINE=InnoDB DEFAULT CHARSET=utf8;

-- ----------------------------
-- Records of tb_class
-- ----------------------------
INSERT INTO `tb_class` VALUES ('1', 'Classes#1', '电子商务', '温州职业技术学院');
INSERT INTO `tb_class` VALUES ('2', 'Classes#2', '移动应用', '武汉职业技术学院');
INSERT INTO `tb_class` VALUES ('3', 'Classes#3', '电子商务', '襄阳职业技术学院');
INSERT INTO `tb_class` VALUES ('4', 'Classes#4', '网络安全', '唐山职业技术学院');
INSERT INTO `tb_class` VALUES ('5', 'Classes#5', '云计算', '襄阳职业技术学院');
INSERT INTO `tb_class` VALUES ('6', 'Classes#6', '移动应用', '武汉职业技术学院');
INSERT INTO `tb_class` VALUES ('7', 'Classes#7', '电子商务', '唐山职业技术学院');
INSERT INTO `tb_class` VALUES ('8', 'Classes#8', '网络安全', '武汉职业技术学院');
INSERT INTO `tb_class` VALUES ('9', 'Classes#9', '网络安全', '云南职业技术学院');
INSERT INTO `tb_class` VALUES ('10', 'Classes#10', '网络安全', '贵州职业技术学院');
INSERT INTO `tb_class` VALUES ('11', 'Classes#11', '人工智能', '武汉职业技术学院');
INSERT INTO `tb_class` VALUES ('12', 'Classes#12', '电子商务', '六安职业技术学院');
INSERT INTO `tb_class` VALUES ('13', 'Classes#13', '云计算', '六安职业技术学院');
INSERT INTO `tb_class` VALUES ('14', 'Classes#14', '大数据', '武汉职业技术学院');
INSERT INTO `tb_class` VALUES ('15', 'Classes#15', '人工智能', '唐山职业技术学院');
INSERT INTO `tb_class` VALUES ('16', 'Classes#16', '网络安全', '襄阳职业技术学院');
INSERT INTO `tb_class` VALUES ('17', 'Classes#17', '云计算', '武汉职业技术学院');
INSERT INTO `tb_class` VALUES ('18', 'Classes#18', '网络安全', '武汉职业技术学院');
INSERT INTO `tb_class` VALUES ('19', 'Classes#19', '网络安全', '唐山职业技术学院');
INSERT INTO `tb_class` VALUES ('20', 'Classes#20', '人工智能', '云南职业技术学院');
INSERT INTO `tb_class` VALUES ('21', 'Classes#21', '人工智能', '广西职业技术学院');
INSERT INTO `tb_class` VALUES ('22', 'Classes#22', '电子商务', '贵州职业技术学院');
INSERT INTO `tb_class` VALUES ('23', 'Classes#23', '移动应用', '六安职业技术学院');
INSERT INTO `tb_class` VALUES ('24', 'Classes#24', '大数据', '六安职业技术学院');
INSERT INTO `tb_class` VALUES ('25', 'Classes#25', '电子商务', '广西职业技术学院');
INSERT INTO `tb_class` VALUES ('26', 'Classes#26', '人工智能', '襄阳职业技术学院');
INSERT INTO `tb_class` VALUES ('27', 'Classes#27', '大数据', '广州职业技术学院');
INSERT INTO `tb_class` VALUES ('28', 'Classes#28', '移动应用', '温州职业技术学院');
INSERT INTO `tb_class` VALUES ('29', 'Classes#29', '云计算', '广州职业技术学院');
INSERT INTO `tb_class` VALUES ('30', 'Classes#30', '云计算', '武汉职业技术学院');
INSERT INTO `tb_class` VALUES ('31', 'Classes#31', '电子商务', '广州职业技术学院');
INSERT INTO `tb_class` VALUES ('32', 'Classes#32', '云计算', '襄阳职业技术学院');
INSERT INTO `tb_class` VALUES ('33', 'Classes#33', '物联网', '贵州职业技术学院');
INSERT INTO `tb_class` VALUES ('34', 'Classes#34', '物联网', '广西职业技术学院');
INSERT INTO `tb_class` VALUES ('35', 'Classes#35', '大数据', '武汉职业技术学院');
INSERT INTO `tb_class` VALUES ('36', 'Classes#36', '网络安全', '武汉职业技术学院');
INSERT INTO `tb_class` VALUES ('37', 'Classes#37', '电子商务', '唐山职业技术学院');
INSERT INTO `tb_class` VALUES ('38', 'Classes#38', '网络安全', '六安职业技术学院');
INSERT INTO `tb_class` VALUES ('39', 'Classes#39', '电子商务', '温州职业技术学院');
INSERT INTO `tb_class` VALUES ('40', 'Classes#40', '电子商务', '重庆职业技术学院');
INSERT INTO `tb_class` VALUES ('41', 'Classes#41', '人工智能', '六安职业技术学院');
INSERT INTO `tb_class` VALUES ('42', 'Classes#42', '移动应用', '六安职业技术学院');
INSERT INTO `tb_class` VALUES ('43', 'Classes#43', '物联网', '六安职业技术学院');
INSERT INTO `tb_class` VALUES ('44', 'Classes#44', '大数据', '温州职业技术学院');
INSERT INTO `tb_class` VALUES ('45', 'Classes#45', '网络安全', '重庆职业技术学院');
INSERT INTO `tb_class` VALUES ('46', 'Classes#46', '网络安全', '云南职业技术学院');
INSERT INTO `tb_class` VALUES ('47', 'Classes#47', '网络安全', '云南职业技术学院');
INSERT INTO `tb_class` VALUES ('48', 'Classes#48', '人工智能', '贵州职业技术学院');
INSERT INTO `tb_class` VALUES ('49', 'Classes#49', '大数据', '襄阳职业技术学院');
INSERT INTO `tb_class` VALUES ('50', 'Classes#50', '网络安全', '云南职业技术学院');
INSERT INTO `tb_class` VALUES ('51', 'Classes#51', '网络安全', '六安职业技术学院');
INSERT INTO `tb_class` VALUES ('52', 'Classes#52', '物联网', '六安职业技术学院');
INSERT INTO `tb_class` VALUES ('53', 'Classes#53', '网络安全', '六安职业技术学院');
INSERT INTO `tb_class` VALUES ('54', 'Classes#54', '人工智能', '六安职业技术学院');
INSERT INTO `tb_class` VALUES ('55', 'Classes#55', '网络安全', '武汉职业技术学院');
INSERT INTO `tb_class` VALUES ('56', 'Classes#56', '网络安全', '温州职业技术学院');
INSERT INTO `tb_class` VALUES ('57', 'Classes#57', '物联网', '广西职业技术学院');
INSERT INTO `tb_class` VALUES ('58', 'Classes#58', '大数据', '贵州职业技术学院');
INSERT INTO `tb_class` VALUES ('59', 'Classes#59', '移动应用', '云南职业技术学院');
INSERT INTO `tb_class` VALUES ('60', 'Classes#60', '人工智能', '贵州职业技术学院');
INSERT INTO `tb_class` VALUES ('61', 'Classes#61', '移动应用', '武汉职业技术学院');
INSERT INTO `tb_class` VALUES ('62', 'Classes#62', '网络安全', '武汉职业技术学院');
INSERT INTO `tb_class` VALUES ('63', 'Classes#63', '人工智能', '广州职业技术学院');
INSERT INTO `tb_class` VALUES ('64', 'Classes#64', '大数据', '武汉职业技术学院');
INSERT INTO `tb_class` VALUES ('65', 'Classes#65', '网络安全', '武汉职业技术学院');
INSERT INTO `tb_class` VALUES ('66', 'Classes#66', '物联网', '贵州职业技术学院');
INSERT INTO `tb_class` VALUES ('67', 'Classes#67', '网络安全', '重庆职业技术学院');
INSERT INTO `tb_class` VALUES ('68', 'Classes#68', '移动应用', '武汉职业技术学院');
INSERT INTO `tb_class` VALUES ('69', 'Classes#69', '人工智能', '广西职业技术学院');
INSERT INTO `tb_class` VALUES ('70', 'Classes#70', '物联网', '温州职业技术学院');
INSERT INTO `tb_class` VALUES ('71', 'Classes#71', '移动应用', '广州职业技术学院');
INSERT INTO `tb_class` VALUES ('72', 'Classes#72', '网络安全', '重庆职业技术学院');
INSERT INTO `tb_class` VALUES ('73', 'Classes#73', '网络安全', '重庆职业技术学院');
INSERT INTO `tb_class` VALUES ('74', 'Classes#74', '网络安全', '襄阳职业技术学院');
INSERT INTO `tb_class` VALUES ('75', 'Classes#75', '网络安全', '武汉职业技术学院');
INSERT INTO `tb_class` VALUES ('76', 'Classes#76', '电子商务', '广州职业技术学院');
INSERT INTO `tb_class` VALUES ('77', 'Classes#77', '云计算', '云南职业技术学院');
INSERT INTO `tb_class` VALUES ('78', 'Classes#78', '物联网', '唐山职业技术学院');
INSERT INTO `tb_class` VALUES ('79', 'Classes#79', '移动应用', '广西职业技术学院');
INSERT INTO `tb_class` VALUES ('80', 'Classes#80', '电子商务', '广州职业技术学院');
INSERT INTO `tb_class` VALUES ('81', 'Classes#81', '移动应用', '重庆职业技术学院');
INSERT INTO `tb_class` VALUES ('82', 'Classes#82', '电子商务', '广州职业技术学院');
INSERT INTO `tb_class` VALUES ('83', 'Classes#83', '大数据', '襄阳职业技术学院');
INSERT INTO `tb_class` VALUES ('84', 'Classes#84', '人工智能', '广州职业技术学院');
INSERT INTO `tb_class` VALUES ('85', 'Classes#85', '网络安全', '广州职业技术学院');
INSERT INTO `tb_class` VALUES ('86', 'Classes#86', '电子商务', '襄阳职业技术学院');
INSERT INTO `tb_class` VALUES ('87', 'Classes#87', '云计算', '襄阳职业技术学院');
INSERT INTO `tb_class` VALUES ('88', 'Classes#88', '网络安全', '武汉职业技术学院');
INSERT INTO `tb_class` VALUES ('89', 'Classes#89', '电子商务', '温州职业技术学院');
INSERT INTO `tb_class` VALUES ('91', 'Classes#91', '移动应用', '武汉职业技术学院');
INSERT INTO `tb_class` VALUES ('92', 'Classes#92', '大数据', '广西职业技术学院');
INSERT INTO `tb_class` VALUES ('93', 'Classes#93', '大数据', '贵州职业技术学院');
INSERT INTO `tb_class` VALUES ('94', 'Classes#94', '网络安全', '武汉职业技术学院');
INSERT INTO `tb_class` VALUES ('95', 'Classes#95', '人工智能', '重庆职业技术学院');
INSERT INTO `tb_class` VALUES ('90', 'Classes#90', '网络安全', '贵州职业技术学院');
INSERT INTO `tb_class` VALUES ('96', 'Classes#96', '网络安全', '重庆职业技术学院');
INSERT INTO `tb_class` VALUES ('97', 'Classes#97', '大数据', '武汉职业技术学院');
INSERT INTO `tb_class` VALUES ('98', 'Classes#98', '电子商务', '广州职业技术学院');
INSERT INTO `tb_class` VALUES ('99', 'Classes#99', '物联网', '武汉职业技术学院');

-- ----------------------------
-- Table structure for tb_score
-- ----------------------------
DROP TABLE IF EXISTS `tb_score`;
CREATE TABLE `tb_score` (
  `id` int(11) NOT NULL,
  `sid` int(11) DEFAULT NULL,
  `course` varchar(50) DEFAULT NULL,
  `score` int(11) DEFAULT NULL,
  `test_time` datetime DEFAULT NULL
) ENGINE=InnoDB DEFAULT CHARSET=utf8;

-- ----------------------------
-- Records of tb_score
-- ----------------------------
INSERT INTO `tb_score` VALUES ('1', '1', 'Html', '63', '2022-08-27 18:43:20');
INSERT INTO `tb_score` VALUES ('2', '1', 'MySQL', '88', '2022-06-10 14:43:36');
INSERT INTO `tb_score` VALUES ('3', '1', 'Java', '68', '2022-06-09 18:03:52');
INSERT INTO `tb_score` VALUES ('4', '1', 'Hadoop', '100', '2022-05-18 06:14:22');
INSERT INTO `tb_score` VALUES ('5', '1', 'Javascript', '74', '2022-03-31 09:50:05');
INSERT INTO `tb_score` VALUES ('6', '1', 'PS', '100', '2022-08-05 00:18:02');
INSERT INTO `tb_score` VALUES ('7', '1', 'CBT', '40', '2022-06-04 16:05:56');
INSERT INTO `tb_score` VALUES ('8', '1', 'Flume', '66', '2022-04-25 21:29:50');
INSERT INTO `tb_score` VALUES ('9', '1', 'Hive', '52', '2022-07-30 05:52:54');
INSERT INTO `tb_score` VALUES ('10', '1', 'Kafka', '70', '2022-09-10 16:09:43');
INSERT INTO `tb_score` VALUES ('11', '1', 'Linux', '82', '2022-11-06 11:49:47');
INSERT INTO `tb_score` VALUES ('12', '1', 'Spark', '40', '2022-07-16 16:50:43');
INSERT INTO `tb_score` VALUES ('13', '1', 'HBase', '53', '2022-10-13 01:48:33');
INSERT INTO `tb_score` VALUES ('14', '1', 'JavaWeb', '44', '2022-05-09 06:22:38');
INSERT INTO `tb_score` VALUES ('15', '1', 'JavaAdvance', '85', '2022-02-06 17:16:06');
INSERT INTO `tb_score` VALUES ('16', '2', 'Html', '84', '2022-09-19 12:45:24');
INSERT INTO `tb_score` VALUES ('17', '2', 'MySQL', '44', '2022-08-16 05:27:59');
INSERT INTO `tb_score` VALUES ('18', '2', 'Java', '98', '2022-07-23 06:14:54');
INSERT INTO `tb_score` VALUES ('19', '2', 'Hadoop', '99', '2022-05-19 03:41:21');
INSERT INTO `tb_score` VALUES ('20', '2', 'Javascript', '58', '2022-10-27 14:35:33');
INSERT INTO `tb_score` VALUES ('21', '2', 'PS', '94', '2022-12-14 20:11:38');
INSERT INTO `tb_score` VALUES ('22', '2', 'CBT', '92', '2022-10-10 21:33:52');
INSERT INTO `tb_score` VALUES ('23', '2', 'Flume', '57', '2022-06-23 23:36:19');
INSERT INTO `tb_score` VALUES ('24', '2', 'Hive', '86', '2022-04-16 06:08:26');
INSERT INTO `tb_score` VALUES ('25', '2', 'Kafka', '43', '2022-07-27 22:09:41');
INSERT INTO `tb_score` VALUES ('26', '2', 'Linux', '23', '2022-02-12 04:54:53');
INSERT INTO `tb_score` VALUES ('27', '2', 'Spark', '27', '2022-04-07 22:59:34');
INSERT INTO `tb_score` VALUES ('28', '2', 'HBase', '26', '2022-06-06 22:52:32');
INSERT INTO `tb_score` VALUES ('29', '2', 'JavaWeb', '35', '2022-12-29 02:03:31');
INSERT INTO `tb_score` VALUES ('30', '2', 'JavaAdvance', '67', '2022-06-23 07:59:39');
INSERT INTO `tb_score` VALUES ('31', '3', 'Html', '62', '2022-10-13 07:13:40');
INSERT INTO `tb_score` VALUES ('32', '3', 'MySQL', '65', '2022-03-15 13:06:40');
INSERT INTO `tb_score` VALUES ('33', '3', 'Java', '63', '2022-08-08 13:11:26');
INSERT INTO `tb_score` VALUES ('34', '3', 'Hadoop', '72', '2022-10-01 18:54:37');
INSERT INTO `tb_score` VALUES ('35', '3', 'Javascript', '89', '2022-07-27 09:11:54');
INSERT INTO `tb_score` VALUES ('36', '3', 'PS', '82', '2022-09-14 03:02:03');
INSERT INTO `tb_score` VALUES ('37', '3', 'CBT', '36', '2022-02-22 18:58:25');
INSERT INTO `tb_score` VALUES ('38', '3', 'Flume', '96', '2022-09-23 01:22:00');
INSERT INTO `tb_score` VALUES ('39', '3', 'Hive', '89', '2022-07-30 03:10:39');
INSERT INTO `tb_score` VALUES ('40', '3', 'Kafka', '46', '2022-02-21 10:05:22');
INSERT INTO `tb_score` VALUES ('41', '3', 'Linux', '91', '2022-10-18 13:17:20');
INSERT INTO `tb_score` VALUES ('42', '3', 'Spark', '33', '2022-01-06 21:29:46');
INSERT INTO `tb_score` VALUES ('43', '3', 'HBase', '41', '2022-08-14 16:12:11');
INSERT INTO `tb_score` VALUES ('44', '3', 'JavaWeb', '25', '2022-04-13 10:12:16');
INSERT INTO `tb_score` VALUES ('45', '3', 'JavaAdvance', '42', '2022-03-07 08:01:04');
INSERT INTO `tb_score` VALUES ('46', '4', 'Html', '39', '2022-03-15 09:00:57');
INSERT INTO `tb_score` VALUES ('47', '4', 'MySQL', '42', '2022-06-19 09:28:35');
INSERT INTO `tb_score` VALUES ('48', '4', 'Java', '40', '2022-11-21 22:03:07');
INSERT INTO `tb_score` VALUES ('49', '4', 'Hadoop', '52', '2022-06-22 04:36:19');
INSERT INTO `tb_score` VALUES ('50', '4', 'Javascript', '25', '2022-11-27 03:35:29');
INSERT INTO `tb_score` VALUES ('51', '4', 'PS', '51', '2022-08-31 12:17:53');
INSERT INTO `tb_score` VALUES ('52', '4', 'CBT', '54', '2022-07-26 12:53:59');
INSERT INTO `tb_score` VALUES ('53', '4', 'Flume', '37', '2022-08-08 14:14:43');
INSERT INTO `tb_score` VALUES ('54', '4', 'Hive', '81', '2022-09-07 04:02:21');
INSERT INTO `tb_score` VALUES ('55', '4', 'Kafka', '40', '2022-12-09 20:21:47');
INSERT INTO `tb_score` VALUES ('56', '4', 'Linux', '27', '2022-07-08 11:33:19');
INSERT INTO `tb_score` VALUES ('57', '4', 'Spark', '58', '2022-07-16 05:46:22');
INSERT INTO `tb_score` VALUES ('58', '4', 'HBase', '51', '2022-01-30 14:47:01');
INSERT INTO `tb_score` VALUES ('59', '4', 'JavaWeb', '62', '2022-03-16 06:40:03');
INSERT INTO `tb_score` VALUES ('60', '4', 'JavaAdvance', '50', '2022-06-04 03:41:36');
INSERT INTO `tb_score` VALUES ('61', '5', 'Html', '57', '2022-11-26 19:34:37');
INSERT INTO `tb_score` VALUES ('62', '5', 'MySQL', '41', '2022-08-05 08:40:04');
INSERT INTO `tb_score` VALUES ('63', '5', 'Java', '78', '2022-02-24 04:59:59');
INSERT INTO `tb_score` VALUES ('64', '5', 'Hadoop', '56', '2022-04-04 16:15:41');
INSERT INTO `tb_score` VALUES ('65', '5', 'Javascript', '65', '2022-06-10 00:43:41');
INSERT INTO `tb_score` VALUES ('66', '5', 'PS', '89', '2022-10-08 06:06:06');
INSERT INTO `tb_score` VALUES ('67', '5', 'CBT', '56', '2022-07-27 11:07:49');
INSERT INTO `tb_score` VALUES ('68', '5', 'Flume', '98', '2022-03-24 21:08:36');
INSERT INTO `tb_score` VALUES ('69', '5', 'Hive', '25', '2022-06-03 14:13:37');
INSERT INTO `tb_score` VALUES ('70', '5', 'Kafka', '76', '2022-09-18 14:27:44');
INSERT INTO `tb_score` VALUES ('71', '5', 'Linux', '65', '2022-08-05 16:46:54');
INSERT INTO `tb_score` VALUES ('72', '5', 'Spark', '47', '2022-10-25 00:04:49');
INSERT INTO `tb_score` VALUES ('73', '5', 'HBase', '27', '2022-12-27 22:54:03');
INSERT INTO `tb_score` VALUES ('74', '5', 'JavaWeb', '24', '2022-01-23 09:29:13');
INSERT INTO `tb_score` VALUES ('75', '5', 'JavaAdvance', '83', '2022-09-21 05:41:47');
INSERT INTO `tb_score` VALUES ('76', '6', 'Html', '30', '2022-06-30 20:00:29');
INSERT INTO `tb_score` VALUES ('77', '6', 'MySQL', '75', '2022-05-17 13:56:03');
INSERT INTO `tb_score` VALUES ('78', '6', 'Java', '36', '2022-11-30 09:06:13');
INSERT INTO `tb_score` VALUES ('79', '6', 'Hadoop', '49', '2022-02-28 12:20:10');
INSERT INTO `tb_score` VALUES ('80', '6', 'Javascript', '92', '2022-09-22 10:28:27');
INSERT INTO `tb_score` VALUES ('81', '6', 'PS', '73', '2022-04-21 10:56:27');
INSERT INTO `tb_score` VALUES ('82', '6', 'CBT', '55', '2022-07-06 03:34:42');
INSERT INTO `tb_score` VALUES ('83', '6', 'Flume', '36', '2022-09-30 01:49:42');
INSERT INTO `tb_score` VALUES ('84', '6', 'Hive', '77', '2022-01-11 03:35:04');
INSERT INTO `tb_score` VALUES ('85', '6', 'Kafka', '98', '2022-06-03 10:42:01');
INSERT INTO `tb_score` VALUES ('86', '6', 'Linux', '33', '2022-09-23 07:35:53');
INSERT INTO `tb_score` VALUES ('87', '6', 'Spark', '69', '2022-02-05 14:49:49');
INSERT INTO `tb_score` VALUES ('88', '6', 'HBase', '55', '2022-01-10 12:06:54');
INSERT INTO `tb_score` VALUES ('89', '6', 'JavaWeb', '45', '2022-11-13 00:17:18');
INSERT INTO `tb_score` VALUES ('90', '6', 'JavaAdvance', '94', '2022-08-05 20:40:19');
INSERT INTO `tb_score` VALUES ('91', '7', 'Html', '97', '2022-11-14 19:42:19');
INSERT INTO `tb_score` VALUES ('92', '7', 'MySQL', '52', '2022-01-24 02:43:25');
INSERT INTO `tb_score` VALUES ('93', '7', 'Java', '78', '2022-05-30 01:36:34');
INSERT INTO `tb_score` VALUES ('94', '7', 'Hadoop', '40', '2022-05-28 13:18:59');
INSERT INTO `tb_score` VALUES ('95', '7', 'Javascript', '69', '2022-10-24 00:55:45');
INSERT INTO `tb_score` VALUES ('96', '7', 'PS', '35', '2022-01-12 00:58:26');
INSERT INTO `tb_score` VALUES ('97', '7', 'CBT', '91', '2022-10-09 22:41:45');
INSERT INTO `tb_score` VALUES ('98', '7', 'Flume', '27', '2022-09-02 08:39:17');
INSERT INTO `tb_score` VALUES ('99', '7', 'Hive', '26', '2022-04-18 00:18:08');
INSERT INTO `tb_score` VALUES ('100', '7', 'Kafka', '73', '2022-07-09 15:08:50');
INSERT INTO `tb_score` VALUES ('101', '7', 'Linux', '33', '2022-08-12 23:15:01');
INSERT INTO `tb_score` VALUES ('102', '7', 'Spark', '63', '2022-07-01 16:33:17');
INSERT INTO `tb_score` VALUES ('103', '7', 'HBase', '90', '2022-11-18 09:09:44');
INSERT INTO `tb_score` VALUES ('104', '7', 'JavaWeb', '53', '2022-03-17 02:49:54');
INSERT INTO `tb_score` VALUES ('105', '7', 'JavaAdvance', '65', '2022-09-01 19:36:25');
INSERT INTO `tb_score` VALUES ('106', '8', 'Html', '21', '2022-06-16 12:09:36');
INSERT INTO `tb_score` VALUES ('107', '8', 'MySQL', '64', '2022-12-22 15:57:48');
INSERT INTO `tb_score` VALUES ('108', '8', 'Java', '99', '2022-01-13 07:01:42');
INSERT INTO `tb_score` VALUES ('109', '8', 'Hadoop', '62', '2022-11-28 11:26:08');
INSERT INTO `tb_score` VALUES ('110', '8', 'Javascript', '100', '2022-02-23 05:57:38');
INSERT INTO `tb_score` VALUES ('111', '8', 'PS', '44', '2022-09-26 07:54:04');
INSERT INTO `tb_score` VALUES ('112', '8', 'CBT', '21', '2022-01-02 03:01:47');
INSERT INTO `tb_score` VALUES ('113', '8', 'Flume', '30', '2022-01-20 01:11:01');
INSERT INTO `tb_score` VALUES ('114', '8', 'Hive', '42', '2022-06-13 09:06:58');
INSERT INTO `tb_score` VALUES ('115', '8', 'Kafka', '56', '2022-11-13 20:32:34');
INSERT INTO `tb_score` VALUES ('116', '8', 'Linux', '80', '2022-12-07 16:23:42');
INSERT INTO `tb_score` VALUES ('117', '8', 'Spark', '43', '2022-05-27 19:31:37');
INSERT INTO `tb_score` VALUES ('118', '8', 'HBase', '79', '2022-09-04 20:07:23');
INSERT INTO `tb_score` VALUES ('119', '8', 'JavaWeb', '34', '2022-09-19 02:22:30');
INSERT INTO `tb_score` VALUES ('120', '8', 'JavaAdvance', '79', '2022-05-10 21:31:05');
INSERT INTO `tb_score` VALUES ('121', '9', 'Html', '37', '2022-07-24 15:35:32');
INSERT INTO `tb_score` VALUES ('128', '9', 'Flume', '42', '2022-06-20 06:14:46');
INSERT INTO `tb_score` VALUES ('129', '9', 'Hive', '58', '2022-01-10 18:18:55');
INSERT INTO `tb_score` VALUES ('130', '9', 'Kafka', '28', '2022-02-01 05:21:30');
INSERT INTO `tb_score` VALUES ('131', '9', 'Linux', '21', '2022-12-28 02:26:18');
INSERT INTO `tb_score` VALUES ('132', '9', 'Spark', '46', '2022-12-16 00:16:43');
INSERT INTO `tb_score` VALUES ('133', '9', 'HBase', '37', '2022-06-30 01:11:23');
INSERT INTO `tb_score` VALUES ('134', '9', 'JavaWeb', '52', '2022-01-23 15:54:38');
INSERT INTO `tb_score` VALUES ('135', '9', 'JavaAdvance', '70', '2022-09-02 09:09:24');
INSERT INTO `tb_score` VALUES ('136', '10', 'Html', '94', '2022-07-12 01:21:03');
INSERT INTO `tb_score` VALUES ('137', '10', 'MySQL', '97', '2022-09-02 03:34:25');
INSERT INTO `tb_score` VALUES ('138', '10', 'Java', '49', '2022-03-08 05:16:58');
INSERT INTO `tb_score` VALUES ('139', '10', 'Hadoop', '52', '2022-01-10 05:01:42');
INSERT INTO `tb_score` VALUES ('140', '10', 'Javascript', '100', '2022-09-18 16:48:48');
INSERT INTO `tb_score` VALUES ('142', '10', 'CBT', '85', '2022-02-22 22:39:12');
INSERT INTO `tb_score` VALUES ('143', '10', 'Flume', '100', '2022-11-02 17:53:42');
INSERT INTO `tb_score` VALUES ('144', '10', 'Hive', '39', '2022-04-09 19:35:03');
INSERT INTO `tb_score` VALUES ('145', '10', 'Kafka', '21', '2022-01-06 20:33:32');
INSERT INTO `tb_score` VALUES ('146', '10', 'Linux', '47', '2022-07-27 18:23:54');
INSERT INTO `tb_score` VALUES ('147', '10', 'Spark', '101', '2022-10-28 12:31:26');
INSERT INTO `tb_score` VALUES ('148', '10', 'HBase', '23', '2022-08-28 22:06:50');
INSERT INTO `tb_score` VALUES ('149', '10', 'JavaWeb', '68', '2022-09-21 21:37:03');
INSERT INTO `tb_score` VALUES ('150', '10', 'JavaAdvance', '80', '2022-11-19 12:23:09');
INSERT INTO `tb_score` VALUES ('151', '11', 'Html', '49', '2022-09-20 23:58:19');
INSERT INTO `tb_score` VALUES ('152', '11', 'MySQL', '33', '2022-08-06 08:40:34');
INSERT INTO `tb_score` VALUES ('153', '11', 'Java', '66', '2022-01-08 15:37:13');
INSERT INTO `tb_score` VALUES ('154', '11', 'Hadoop', '37', '2022-12-14 13:14:28');
INSERT INTO `tb_score` VALUES ('155', '11', 'Javascript', '67', '2022-02-28 11:39:12');
INSERT INTO `tb_score` VALUES ('156', '11', 'PS', '24', '2022-06-04 09:37:18');
INSERT INTO `tb_score` VALUES ('157', '11', 'CBT', '61', '2022-05-05 07:20:41');
INSERT INTO `tb_score` VALUES ('158', '11', 'Flume', '22', '2022-07-04 23:02:25');
INSERT INTO `tb_score` VALUES ('159', '11', 'Hive', '74', '2022-11-19 06:54:11');
INSERT INTO `tb_score` VALUES ('160', '11', 'Kafka', '71', '2022-09-04 03:38:37');
INSERT INTO `tb_score` VALUES ('161', '11', 'Linux', '68', '2022-02-11 07:40:48');
INSERT INTO `tb_score` VALUES ('162', '11', 'Spark', '101', '2022-06-14 13:21:18');
INSERT INTO `tb_score` VALUES ('163', '11', 'HBase', '87', '2022-05-15 00:19:31');
INSERT INTO `tb_score` VALUES ('164', '11', 'JavaWeb', '63', '2022-10-24 03:18:45');
INSERT INTO `tb_score` VALUES ('165', '11', 'JavaAdvance', '59', '2022-10-05 16:21:24');
INSERT INTO `tb_score` VALUES ('166', '12', 'Html', '100', '2022-08-31 23:37:23');
INSERT INTO `tb_score` VALUES ('167', '12', 'MySQL', '24', '2022-04-09 17:27:58');
INSERT INTO `tb_score` VALUES ('168', '12', 'Java', '78', '2022-11-26 23:53:40');
INSERT INTO `tb_score` VALUES ('169', '12', 'Hadoop', '73', '2022-01-04 13:36:08');
INSERT INTO `tb_score` VALUES ('170', '12', 'Javascript', '21', '2022-01-21 19:09:27');
INSERT INTO `tb_score` VALUES ('171', '12', 'PS', '63', '2022-07-13 05:45:45');
INSERT INTO `tb_score` VALUES ('172', '12', 'CBT', '53', '2022-01-13 02:06:10');
INSERT INTO `tb_score` VALUES ('173', '12', 'Flume', '50', '2022-12-09 02:13:37');
INSERT INTO `tb_score` VALUES ('174', '12', 'Hive', '39', '2022-04-30 08:44:47');
INSERT INTO `tb_score` VALUES ('175', '12', 'Kafka', '32', '2022-03-15 17:50:26');
INSERT INTO `tb_score` VALUES ('176', '12', 'Linux', '49', '2022-09-27 19:32:45');
INSERT INTO `tb_score` VALUES ('177', '12', 'Spark', '76', '2022-09-22 05:18:02');
INSERT INTO `tb_score` VALUES ('178', '12', 'HBase', '41', '2022-07-19 23:06:46');
INSERT INTO `tb_score` VALUES ('179', '12', 'JavaWeb', '70', '2022-08-29 04:11:42');
INSERT INTO `tb_score` VALUES ('180', '12', 'JavaAdvance', '28', '2022-07-07 10:02:55');
INSERT INTO `tb_score` VALUES ('181', '13', 'Html', '63', '2022-02-28 07:01:51');
INSERT INTO `tb_score` VALUES ('182', '13', 'MySQL', '69', '2022-07-21 11:07:07');
INSERT INTO `tb_score` VALUES ('183', '13', 'Java', '53', '2022-06-09 01:13:29');
INSERT INTO `tb_score` VALUES ('184', '13', 'Hadoop', '48', '2022-03-08 17:32:38');
INSERT INTO `tb_score` VALUES ('185', '13', 'Javascript', '69', '2022-08-19 15:56:45');
INSERT INTO `tb_score` VALUES ('186', '13', 'PS', '99', '2022-12-25 15:11:36');
INSERT INTO `tb_score` VALUES ('187', '13', 'CBT', '84', '2022-01-04 21:45:20');
INSERT INTO `tb_score` VALUES ('188', '13', 'Flume', '44', '2022-07-20 13:41:51');
INSERT INTO `tb_score` VALUES ('189', '13', 'Hive', '69', '2022-01-24 21:11:59');
INSERT INTO `tb_score` VALUES ('190', '13', 'Kafka', '97', '2022-03-18 00:45:28');
INSERT INTO `tb_score` VALUES ('191', '13', 'Linux', '58', '2022-06-24 08:05:58');
INSERT INTO `tb_score` VALUES ('192', '13', 'Spark', '37', '2022-11-24 14:37:29');
INSERT INTO `tb_score` VALUES ('193', '13', 'HBase', '37', '2022-06-07 00:43:24');
INSERT INTO `tb_score` VALUES ('194', '13', 'JavaWeb', '52', '2022-09-26 03:49:32');
INSERT INTO `tb_score` VALUES ('195', '13', 'JavaAdvance', '42', '2022-09-19 11:39:33');
INSERT INTO `tb_score` VALUES ('196', '14', 'Html', '66', '2022-11-03 23:37:24');
INSERT INTO `tb_score` VALUES ('197', '14', 'MySQL', '86', '2022-07-13 22:05:13');
INSERT INTO `tb_score` VALUES ('198', '14', 'Java', '26', '2022-09-10 12:28:58');
INSERT INTO `tb_score` VALUES ('199', '14', 'Hadoop', '44', '2022-11-11 19:01:51');
INSERT INTO `tb_score` VALUES ('200', '14', 'Javascript', '32', '2022-01-10 20:07:14');
INSERT INTO `tb_score` VALUES ('201', '14', 'PS', '53', '2022-10-24 01:21:11');
INSERT INTO `tb_score` VALUES ('202', '14', 'CBT', '101', '2022-12-19 14:16:40');
INSERT INTO `tb_score` VALUES ('203', '14', 'Flume', '87', '2022-02-14 21:09:01');
INSERT INTO `tb_score` VALUES ('204', '14', 'Hive', '73', '2022-10-16 20:07:30');
INSERT INTO `tb_score` VALUES ('205', '14', 'Kafka', '33', '2022-12-08 07:54:11');
INSERT INTO `tb_score` VALUES ('206', '14', 'Linux', '79', '2022-12-13 05:42:33');
INSERT INTO `tb_score` VALUES ('207', '14', 'Spark', '40', '2022-01-23 00:50:39');
INSERT INTO `tb_score` VALUES ('208', '14', 'HBase', '87', '2022-12-24 09:18:08');
INSERT INTO `tb_score` VALUES ('209', '14', 'JavaWeb', '79', '2022-08-03 10:47:25');
INSERT INTO `tb_score` VALUES ('210', '14', 'JavaAdvance', '77', '2022-07-27 15:25:42');
INSERT INTO `tb_score` VALUES ('211', '15', 'Html', '67', '2022-09-13 10:38:43');
INSERT INTO `tb_score` VALUES ('212', '15', 'MySQL', '68', '2022-07-29 18:23:08');
INSERT INTO `tb_score` VALUES ('213', '15', 'Java', '73', '2022-10-05 19:07:09');
INSERT INTO `tb_score` VALUES ('214', '15', 'Hadoop', '63', '2022-06-13 20:32:30');
INSERT INTO `tb_score` VALUES ('215', '15', 'Javascript', '25', '2022-09-09 19:33:24');
INSERT INTO `tb_score` VALUES ('216', '15', 'PS', '84', '2022-12-15 11:16:40');
INSERT INTO `tb_score` VALUES ('217', '15', 'CBT', '79', '2022-02-19 20:52:12');
INSERT INTO `tb_score` VALUES ('218', '15', 'Flume', '24', '2022-08-08 01:29:36');
INSERT INTO `tb_score` VALUES ('219', '15', 'Hive', '61', '2022-11-30 00:27:20');
INSERT INTO `tb_score` VALUES ('220', '15', 'Kafka', '87', '2022-05-03 18:12:59');
INSERT INTO `tb_score` VALUES ('221', '15', 'Linux', '48', '2022-11-11 02:03:26');
INSERT INTO `tb_score` VALUES ('222', '15', 'Spark', '65', '2022-10-06 15:11:09');
INSERT INTO `tb_score` VALUES ('223', '15', 'HBase', '66', '2022-02-09 06:17:32');
INSERT INTO `tb_score` VALUES ('224', '15', 'JavaWeb', '49', '2022-08-07 04:22:25');
INSERT INTO `tb_score` VALUES ('225', '15', 'JavaAdvance', '67', '2022-02-12 07:22:25');
INSERT INTO `tb_score` VALUES ('226', '16', 'Html', '98', '2022-09-02 09:13:14');
INSERT INTO `tb_score` VALUES ('227', '16', 'MySQL', '70', '2022-08-07 20:07:46');
INSERT INTO `tb_score` VALUES ('228', '16', 'Java', '95', '2022-03-28 21:33:14');
INSERT INTO `tb_score` VALUES ('229', '16', 'Hadoop', '51', '2022-03-23 05:52:18');
INSERT INTO `tb_score` VALUES ('230', '16', 'Javascript', '54', '2022-04-08 13:43:44');
INSERT INTO `tb_score` VALUES ('231', '16', 'PS', '79', '2022-05-02 01:16:48');
INSERT INTO `tb_score` VALUES ('232', '16', 'CBT', '97', '2022-02-04 12:40:23');
INSERT INTO `tb_score` VALUES ('233', '16', 'Flume', '66', '2022-02-08 09:23:28');
INSERT INTO `tb_score` VALUES ('234', '16', 'Hive', '26', '2022-11-01 00:04:59');
INSERT INTO `tb_score` VALUES ('235', '16', 'Kafka', '49', '2022-01-24 02:45:14');
INSERT INTO `tb_score` VALUES ('236', '16', 'Linux', '59', '2022-07-20 19:40:53');
INSERT INTO `tb_score` VALUES ('237', '16', 'Spark', '24', '2022-03-23 21:55:34');
INSERT INTO `tb_score` VALUES ('238', '16', 'HBase', '57', '2022-07-23 19:23:14');
INSERT INTO `tb_score` VALUES ('239', '16', 'JavaWeb', '63', '2022-08-16 01:09:02');
INSERT INTO `tb_score` VALUES ('240', '16', 'JavaAdvance', '87', '2022-10-19 17:42:00');
INSERT INTO `tb_score` VALUES ('252', '17', 'Spark', '43', '2022-09-09 03:10:50');
INSERT INTO `tb_score` VALUES ('253', '17', 'HBase', '59', '2022-06-21 21:22:46');
INSERT INTO `tb_score` VALUES ('254', '17', 'JavaWeb', '20', '2022-03-12 16:01:42');
INSERT INTO `tb_score` VALUES ('255', '17', 'JavaAdvance', '20', '2022-05-25 09:22:12');
INSERT INTO `tb_score` VALUES ('256', '18', 'Html', '44', '2022-08-05 21:13:33');
INSERT INTO `tb_score` VALUES ('257', '18', 'MySQL', '71', '2022-11-23 17:34:18');
INSERT INTO `tb_score` VALUES ('258', '18', 'Java', '94', '2022-07-03 19:39:53');
INSERT INTO `tb_score` VALUES ('259', '18', 'Hadoop', '74', '2022-01-07 21:15:58');
INSERT INTO `tb_score` VALUES ('260', '18', 'Javascript', '20', '2022-03-05 08:23:19');
INSERT INTO `tb_score` VALUES ('261', '18', 'PS', '73', '2022-01-16 06:57:05');
INSERT INTO `tb_score` VALUES ('262', '18', 'CBT', '90', '2022-08-05 04:30:30');
INSERT INTO `tb_score` VALUES ('263', '18', 'Flume', '43', '2022-07-05 21:15:27');
INSERT INTO `tb_score` VALUES ('264', '18', 'Hive', '73', '2022-05-04 17:26:06');
INSERT INTO `tb_score` VALUES ('265', '18', 'Kafka', '40', '2022-01-02 17:16:41');
INSERT INTO `tb_score` VALUES ('266', '18', 'Linux', '85', '2022-10-12 10:50:52');
INSERT INTO `tb_score` VALUES ('267', '18', 'Spark', '54', '2022-06-22 12:04:58');
INSERT INTO `tb_score` VALUES ('268', '18', 'HBase', '36', '2022-04-04 15:21:13');
INSERT INTO `tb_score` VALUES ('269', '18', 'JavaWeb', '37', '2022-01-26 17:00:15');
INSERT INTO `tb_score` VALUES ('270', '18', 'JavaAdvance', '95', '2022-08-05 05:20:24');
INSERT INTO `tb_score` VALUES ('271', '19', 'Html', '65', '2022-10-14 00:21:27');
INSERT INTO `tb_score` VALUES ('272', '19', 'MySQL', '57', '2022-08-14 08:15:06');
INSERT INTO `tb_score` VALUES ('273', '19', 'Java', '95', '2022-03-24 14:22:46');
INSERT INTO `tb_score` VALUES ('274', '19', 'Hadoop', '74', '2022-05-17 16:55:33');
INSERT INTO `tb_score` VALUES ('275', '19', 'Javascript', '33', '2022-03-21 18:37:31');
INSERT INTO `tb_score` VALUES ('276', '19', 'PS', '34', '2022-11-21 13:06:00');
INSERT INTO `tb_score` VALUES ('277', '19', 'CBT', '95', '2022-09-12 00:48:48');
INSERT INTO `tb_score` VALUES ('278', '19', 'Flume', '87', '2022-08-07 19:08:57');
INSERT INTO `tb_score` VALUES ('279', '19', 'Hive', '58', '2022-07-28 20:28:57');
INSERT INTO `tb_score` VALUES ('280', '19', 'Kafka', '64', '2022-07-10 09:55:20');
INSERT INTO `tb_score` VALUES ('281', '19', 'Linux', '65', '2022-09-14 21:06:10');
INSERT INTO `tb_score` VALUES ('282', '19', 'Spark', '38', '2022-08-04 05:19:45');
INSERT INTO `tb_score` VALUES ('283', '19', 'HBase', '26', '2022-12-14 12:01:43');
INSERT INTO `tb_score` VALUES ('284', '19', 'JavaWeb', '27', '2022-07-20 16:03:35');
INSERT INTO `tb_score` VALUES ('285', '19', 'JavaAdvance', '87', '2022-12-09 01:05:10');
INSERT INTO `tb_score` VALUES ('286', '20', 'Html', '31', '2022-06-26 22:24:54');
INSERT INTO `tb_score` VALUES ('287', '20', 'MySQL', '62', '2022-03-21 01:22:50');
INSERT INTO `tb_score` VALUES ('288', '20', 'Java', '89', '2022-02-14 04:00:47');
INSERT INTO `tb_score` VALUES ('289', '20', 'Hadoop', '57', '2022-03-12 09:50:43');
INSERT INTO `tb_score` VALUES ('290', '20', 'Javascript', '89', '2022-12-17 14:39:05');
INSERT INTO `tb_score` VALUES ('291', '20', 'PS', '68', '2022-05-06 08:25:57');
INSERT INTO `tb_score` VALUES ('292', '20', 'CBT', '87', '2022-02-07 11:36:50');
INSERT INTO `tb_score` VALUES ('293', '20', 'Flume', '74', '2022-07-20 12:06:49');
INSERT INTO `tb_score` VALUES ('294', '20', 'Hive', '81', '2022-12-16 08:38:11');
INSERT INTO `tb_score` VALUES ('295', '20', 'Kafka', '29', '2022-11-04 23:13:41');
INSERT INTO `tb_score` VALUES ('296', '20', 'Linux', '26', '2022-12-13 02:08:23');
INSERT INTO `tb_score` VALUES ('297', '20', 'Spark', '92', '2022-02-11 01:00:05');
INSERT INTO `tb_score` VALUES ('298', '20', 'HBase', '66', '2022-10-18 05:15:23');
INSERT INTO `tb_score` VALUES ('299', '20', 'JavaWeb', '63', '2022-10-18 21:53:31');
INSERT INTO `tb_score` VALUES ('300', '20', 'JavaAdvance', '66', '2022-09-25 20:15:00');
INSERT INTO `tb_score` VALUES ('301', '21', 'Html', '61', '2022-07-29 10:01:43');
INSERT INTO `tb_score` VALUES ('302', '21', 'MySQL', '67', '2022-08-22 23:48:56');
INSERT INTO `tb_score` VALUES ('303', '21', 'Java', '22', '2022-12-20 23:37:53');
INSERT INTO `tb_score` VALUES ('304', '21', 'Hadoop', '86', '2022-01-10 11:41:45');
INSERT INTO `tb_score` VALUES ('305', '21', 'Javascript', '91', '2022-01-11 15:24:14');
INSERT INTO `tb_score` VALUES ('306', '21', 'PS', '72', '2022-07-20 20:58:59');
INSERT INTO `tb_score` VALUES ('307', '21', 'CBT', '24', '2022-01-09 13:19:42');
INSERT INTO `tb_score` VALUES ('308', '21', 'Flume', '78', '2022-11-26 03:09:57');
INSERT INTO `tb_score` VALUES ('309', '21', 'Hive', '42', '2022-09-08 09:09:28');
INSERT INTO `tb_score` VALUES ('310', '21', 'Kafka', '58', '2022-12-10 22:58:55');
INSERT INTO `tb_score` VALUES ('311', '21', 'Linux', '65', '2022-09-24 14:47:55');
INSERT INTO `tb_score` VALUES ('312', '21', 'Spark', '101', '2022-10-25 23:28:37');
INSERT INTO `tb_score` VALUES ('313', '21', 'HBase', '82', '2022-06-30 14:31:57');
INSERT INTO `tb_score` VALUES ('314', '21', 'JavaWeb', '94', '2022-03-02 01:07:32');
INSERT INTO `tb_score` VALUES ('315', '21', 'JavaAdvance', '84', '2022-07-23 05:56:47');
INSERT INTO `tb_score` VALUES ('316', '22', 'Html', '30', '2022-05-18 11:17:55');
INSERT INTO `tb_score` VALUES ('317', '22', 'MySQL', '97', '2022-02-19 11:12:50');
INSERT INTO `tb_score` VALUES ('318', '22', 'Java', '23', '2022-01-02 07:36:51');
INSERT INTO `tb_score` VALUES ('319', '22', 'Hadoop', '75', '2022-05-30 08:18:16');
INSERT INTO `tb_score` VALUES ('320', '22', 'Javascript', '38', '2022-06-17 07:17:24');
INSERT INTO `tb_score` VALUES ('321', '22', 'PS', '23', '2022-11-18 17:08:03');
INSERT INTO `tb_score` VALUES ('322', '22', 'CBT', '42', '2022-10-21 00:08:15');
INSERT INTO `tb_score` VALUES ('323', '22', 'Flume', '40', '2022-08-12 03:04:56');
INSERT INTO `tb_score` VALUES ('324', '22', 'Hive', '76', '2022-08-02 22:14:00');
INSERT INTO `tb_score` VALUES ('325', '22', 'Kafka', '52', '2022-06-08 21:11:12');
INSERT INTO `tb_score` VALUES ('326', '22', 'Linux', '97', '2022-03-30 22:19:36');
INSERT INTO `tb_score` VALUES ('327', '22', 'Spark', '38', '2022-04-12 22:37:42');
INSERT INTO `tb_score` VALUES ('328', '22', 'HBase', '64', '2022-05-12 23:51:31');
INSERT INTO `tb_score` VALUES ('329', '22', 'JavaWeb', '79', '2022-12-22 22:19:15');
INSERT INTO `tb_score` VALUES ('330', '22', 'JavaAdvance', '73', '2022-06-26 19:24:08');
INSERT INTO `tb_score` VALUES ('331', '23', 'Html', '25', '2022-08-26 11:17:10');
INSERT INTO `tb_score` VALUES ('332', '23', 'MySQL', '97', '2022-10-17 10:20:06');
INSERT INTO `tb_score` VALUES ('333', '23', 'Java', '78', '2022-09-21 20:51:19');
INSERT INTO `tb_score` VALUES ('334', '23', 'Hadoop', '101', '2022-07-22 02:50:54');
INSERT INTO `tb_score` VALUES ('335', '23', 'Javascript', '85', '2022-06-04 18:51:38');
INSERT INTO `tb_score` VALUES ('336', '23', 'PS', '48', '2022-03-08 06:41:40');
INSERT INTO `tb_score` VALUES ('337', '23', 'CBT', '72', '2022-01-24 14:15:30');
INSERT INTO `tb_score` VALUES ('338', '23', 'Flume', '99', '2022-02-26 10:56:37');
INSERT INTO `tb_score` VALUES ('339', '23', 'Hive', '89', '2022-10-14 01:44:59');
INSERT INTO `tb_score` VALUES ('340', '23', 'Kafka', '43', '2022-06-21 03:39:31');
INSERT INTO `tb_score` VALUES ('341', '23', 'Linux', '68', '2022-09-06 01:35:01');
INSERT INTO `tb_score` VALUES ('342', '23', 'Spark', '22', '2022-08-24 04:36:03');
INSERT INTO `tb_score` VALUES ('343', '23', 'HBase', '54', '2022-06-05 15:27:13');
INSERT INTO `tb_score` VALUES ('344', '23', 'JavaWeb', '66', '2022-01-01 14:43:16');
INSERT INTO `tb_score` VALUES ('345', '23', 'JavaAdvance', '38', '2022-06-03 15:36:33');
INSERT INTO `tb_score` VALUES ('346', '24', 'Html', '96', '2022-08-09 23:17:06');
INSERT INTO `tb_score` VALUES ('347', '24', 'MySQL', '69', '2022-05-21 17:36:24');
INSERT INTO `tb_score` VALUES ('348', '24', 'Java', '68', '2022-01-04 21:36:20');
INSERT INTO `tb_score` VALUES ('349', '24', 'Hadoop', '24', '2022-09-14 09:14:59');
INSERT INTO `tb_score` VALUES ('350', '24', 'Javascript', '47', '2022-02-06 17:18:01');
INSERT INTO `tb_score` VALUES ('351', '24', 'PS', '97', '2022-05-24 12:19:23');
INSERT INTO `tb_score` VALUES ('352', '24', 'CBT', '98', '2022-06-24 22:52:20');
INSERT INTO `tb_score` VALUES ('353', '24', 'Flume', '81', '2022-11-09 04:03:09');
INSERT INTO `tb_score` VALUES ('354', '24', 'Hive', '65', '2022-09-01 06:03:52');
INSERT INTO `tb_score` VALUES ('355', '24', 'Kafka', '86', '2022-09-22 10:44:04');
INSERT INTO `tb_score` VALUES ('356', '24', 'Linux', '70', '2022-03-09 23:47:23');
INSERT INTO `tb_score` VALUES ('357', '24', 'Spark', '52', '2022-12-15 00:10:51');
INSERT INTO `tb_score` VALUES ('358', '24', 'HBase', '52', '2022-07-14 05:48:54');
INSERT INTO `tb_score` VALUES ('359', '24', 'JavaWeb', '93', '2022-06-08 06:43:25');
INSERT INTO `tb_score` VALUES ('360', '24', 'JavaAdvance', '33', '2022-05-24 07:10:39');
INSERT INTO `tb_score` VALUES ('361', '25', 'Html', '29', '2022-04-14 22:31:46');
INSERT INTO `tb_score` VALUES ('362', '25', 'MySQL', '36', '2022-10-07 06:10:22');
INSERT INTO `tb_score` VALUES ('363', '25', 'Java', '35', '2022-12-21 03:38:04');
INSERT INTO `tb_score` VALUES ('364', '25', 'Hadoop', '29', '2022-11-20 05:27:01');
INSERT INTO `tb_score` VALUES ('365', '25', 'Javascript', '78', '2022-12-31 07:08:07');
INSERT INTO `tb_score` VALUES ('366', '25', 'PS', '80', '2022-08-25 03:40:41');
INSERT INTO `tb_score` VALUES ('367', '25', 'CBT', '50', '2022-11-13 12:35:56');
INSERT INTO `tb_score` VALUES ('368', '25', 'Flume', '96', '2022-08-17 00:24:33');
INSERT INTO `tb_score` VALUES ('369', '25', 'Hive', '95', '2022-06-24 12:23:31');
INSERT INTO `tb_score` VALUES ('370', '25', 'Kafka', '95', '2022-05-03 19:48:58');
INSERT INTO `tb_score` VALUES ('371', '25', 'Linux', '97', '2022-09-26 07:15:53');
INSERT INTO `tb_score` VALUES ('372', '25', 'Spark', '53', '2022-07-25 17:43:13');
INSERT INTO `tb_score` VALUES ('373', '25', 'HBase', '34', '2022-12-26 12:42:37');
INSERT INTO `tb_score` VALUES ('374', '25', 'JavaWeb', '62', '2022-06-26 19:06:56');
INSERT INTO `tb_score` VALUES ('375', '25', 'JavaAdvance', '50', '2022-09-11 02:38:07');
INSERT INTO `tb_score` VALUES ('376', '26', 'Html', '66', '2022-05-27 10:26:41');
INSERT INTO `tb_score` VALUES ('377', '26', 'MySQL', '94', '2022-10-14 16:35:53');
INSERT INTO `tb_score` VALUES ('378', '26', 'Java', '80', '2022-03-07 05:45:08');
INSERT INTO `tb_score` VALUES ('379', '26', 'Hadoop', '20', '2022-02-05 03:23:50');
INSERT INTO `tb_score` VALUES ('380', '26', 'Javascript', '81', '2022-04-07 16:15:40');
INSERT INTO `tb_score` VALUES ('381', '26', 'PS', '87', '2022-12-04 19:05:09');
INSERT INTO `tb_score` VALUES ('382', '26', 'CBT', '22', '2022-07-05 05:26:57');
INSERT INTO `tb_score` VALUES ('383', '26', 'Flume', '46', '2022-04-14 19:03:08');
INSERT INTO `tb_score` VALUES ('384', '26', 'Hive', '68', '2022-06-12 06:31:21');
INSERT INTO `tb_score` VALUES ('385', '26', 'Kafka', '63', '2022-09-12 01:51:31');
INSERT INTO `tb_score` VALUES ('386', '26', 'Linux', '66', '2022-10-27 16:58:57');
INSERT INTO `tb_score` VALUES ('387', '26', 'Spark', '75', '2022-06-10 09:04:07');
INSERT INTO `tb_score` VALUES ('388', '26', 'HBase', '92', '2022-05-27 13:09:47');
INSERT INTO `tb_score` VALUES ('389', '26', 'JavaWeb', '37', '2022-09-29 09:21:14');
INSERT INTO `tb_score` VALUES ('390', '26', 'JavaAdvance', '87', '2022-10-10 00:49:56');
INSERT INTO `tb_score` VALUES ('391', '27', 'Html', '37', '2022-09-26 18:41:03');
INSERT INTO `tb_score` VALUES ('392', '27', 'MySQL', '49', '2022-07-14 14:33:12');
INSERT INTO `tb_score` VALUES ('393', '27', 'Java', '52', '2022-01-30 22:10:47');
INSERT INTO `tb_score` VALUES ('394', '27', 'Hadoop', '26', '2022-04-21 10:15:17');
INSERT INTO `tb_score` VALUES ('395', '27', 'Javascript', '57', '2022-04-22 01:44:20');
INSERT INTO `tb_score` VALUES ('396', '27', 'PS', '96', '2022-06-24 04:58:00');
INSERT INTO `tb_score` VALUES ('397', '27', 'CBT', '30', '2022-03-02 21:21:30');
INSERT INTO `tb_score` VALUES ('398', '27', 'Flume', '90', '2022-05-15 23:38:17');
INSERT INTO `tb_score` VALUES ('399', '27', 'Hive', '26', '2022-08-06 14:28:23');
INSERT INTO `tb_score` VALUES ('400', '27', 'Kafka', '37', '2022-03-21 09:25:51');
INSERT INTO `tb_score` VALUES ('401', '27', 'Linux', '26', '2022-07-05 13:02:34');
INSERT INTO `tb_score` VALUES ('402', '27', 'Spark', '101', '2022-05-22 21:28:02');
INSERT INTO `tb_score` VALUES ('403', '27', 'HBase', '45', '2022-05-22 09:08:47');
INSERT INTO `tb_score` VALUES ('404', '27', 'JavaWeb', '45', '2022-02-08 22:12:12');
INSERT INTO `tb_score` VALUES ('405', '27', 'JavaAdvance', '89', '2022-12-15 21:26:09');
INSERT INTO `tb_score` VALUES ('406', '28', 'Html', '96', '2022-09-28 16:42:59');
INSERT INTO `tb_score` VALUES ('407', '28', 'MySQL', '47', '2022-08-10 15:07:32');
INSERT INTO `tb_score` VALUES ('408', '28', 'Java', '75', '2022-11-17 19:39:48');
INSERT INTO `tb_score` VALUES ('409', '28', 'Hadoop', '71', '2022-01-31 21:25:42');
INSERT INTO `tb_score` VALUES ('410', '28', 'Javascript', '42', '2022-09-26 03:33:36');
INSERT INTO `tb_score` VALUES ('411', '28', 'PS', '49', '2022-04-19 23:17:40');
INSERT INTO `tb_score` VALUES ('412', '28', 'CBT', '85', '2022-08-09 12:44:38');
INSERT INTO `tb_score` VALUES ('413', '28', 'Flume', '40', '2022-12-25 23:02:10');
INSERT INTO `tb_score` VALUES ('414', '28', 'Hive', '31', '2022-09-06 01:04:41');
INSERT INTO `tb_score` VALUES ('415', '28', 'Kafka', '99', '2022-04-22 05:03:26');
INSERT INTO `tb_score` VALUES ('416', '28', 'Linux', '99', '2022-08-29 06:02:43');
INSERT INTO `tb_score` VALUES ('417', '28', 'Spark', '21', '2022-02-09 07:35:46');
INSERT INTO `tb_score` VALUES ('418', '28', 'HBase', '67', '2022-12-30 19:18:48');
INSERT INTO `tb_score` VALUES ('419', '28', 'JavaWeb', '99', '2022-04-03 11:45:07');
INSERT INTO `tb_score` VALUES ('420', '28', 'JavaAdvance', '41', '2022-08-14 18:37:14');
INSERT INTO `tb_score` VALUES ('421', '29', 'Html', '86', '2022-05-27 00:53:29');
INSERT INTO `tb_score` VALUES ('422', '29', 'MySQL', '75', '2022-03-09 00:55:17');
INSERT INTO `tb_score` VALUES ('423', '29', 'Java', '98', '2022-04-07 09:52:53');
INSERT INTO `tb_score` VALUES ('424', '29', 'Hadoop', '91', '2022-06-09 02:22:59');
INSERT INTO `tb_score` VALUES ('425', '29', 'Javascript', '48', '2022-03-05 22:21:10');
INSERT INTO `tb_score` VALUES ('426', '29', 'PS', '59', '2022-06-03 03:47:03');
INSERT INTO `tb_score` VALUES ('427', '29', 'CBT', '62', '2022-01-31 09:25:41');
INSERT INTO `tb_score` VALUES ('428', '29', 'Flume', '33', '2022-04-08 07:33:45');
INSERT INTO `tb_score` VALUES ('429', '29', 'Hive', '96', '2022-04-03 05:12:59');
INSERT INTO `tb_score` VALUES ('430', '29', 'Kafka', '22', '2022-08-30 12:28:00');
INSERT INTO `tb_score` VALUES ('431', '29', 'Linux', '55', '2022-06-23 12:59:32');
INSERT INTO `tb_score` VALUES ('432', '29', 'Spark', '91', '2022-01-27 15:22:27');
INSERT INTO `tb_score` VALUES ('433', '29', 'HBase', '43', '2022-08-12 21:58:53');
INSERT INTO `tb_score` VALUES ('434', '29', 'JavaWeb', '23', '2022-11-08 09:54:21');
INSERT INTO `tb_score` VALUES ('435', '29', 'JavaAdvance', '25', '2022-11-14 19:04:40');
INSERT INTO `tb_score` VALUES ('436', '30', 'Html', '20', '2022-05-11 06:46:54');
INSERT INTO `tb_score` VALUES ('437', '30', 'MySQL', '39', '2022-08-14 00:49:38');
INSERT INTO `tb_score` VALUES ('438', '30', 'Java', '47', '2022-09-16 14:49:20');
INSERT INTO `tb_score` VALUES ('439', '30', 'Hadoop', '60', '2022-04-21 02:42:38');
INSERT INTO `tb_score` VALUES ('440', '30', 'Javascript', '30', '2022-02-15 16:17:06');
INSERT INTO `tb_score` VALUES ('441', '30', 'PS', '26', '2022-04-25 18:25:29');
INSERT INTO `tb_score` VALUES ('442', '30', 'CBT', '81', '2022-07-04 13:49:45');
INSERT INTO `tb_score` VALUES ('443', '30', 'Flume', '48', '2022-09-10 15:38:48');
INSERT INTO `tb_score` VALUES ('444', '30', 'Hive', '58', '2022-06-28 06:57:43');
INSERT INTO `tb_score` VALUES ('445', '30', 'Kafka', '49', '2022-08-14 17:43:48');
INSERT INTO `tb_score` VALUES ('446', '30', 'Linux', '85', '2022-06-25 03:04:09');
INSERT INTO `tb_score` VALUES ('447', '30', 'Spark', '69', '2022-07-15 02:51:44');
INSERT INTO `tb_score` VALUES ('448', '30', 'HBase', '39', '2022-10-11 19:06:37');
INSERT INTO `tb_score` VALUES ('449', '30', 'JavaWeb', '91', '2022-12-28 13:19:16');
INSERT INTO `tb_score` VALUES ('450', '30', 'JavaAdvance', '28', '2022-03-08 03:34:57');
INSERT INTO `tb_score` VALUES ('451', '31', 'Html', '92', '2022-06-08 14:13:01');
INSERT INTO `tb_score` VALUES ('452', '31', 'MySQL', '23', '2022-09-27 06:16:39');
INSERT INTO `tb_score` VALUES ('453', '31', 'Java', '25', '2022-10-07 06:50:54');
INSERT INTO `tb_score` VALUES ('454', '31', 'Hadoop', '53', '2022-07-12 12:18:49');
INSERT INTO `tb_score` VALUES ('460', '31', 'Kafka', '26', '2022-03-28 23:35:45');
INSERT INTO `tb_score` VALUES ('461', '31', 'Linux', '88', '2022-02-25 00:05:43');
INSERT INTO `tb_score` VALUES ('462', '31', 'Spark', '59', '2022-05-06 11:53:27');
INSERT INTO `tb_score` VALUES ('463', '31', 'HBase', '100', '2022-09-14 16:48:17');
INSERT INTO `tb_score` VALUES ('464', '31', 'JavaWeb', '23', '2022-09-07 15:16:52');
INSERT INTO `tb_score` VALUES ('465', '31', 'JavaAdvance', '83', '2022-09-22 01:21:58');
INSERT INTO `tb_score` VALUES ('466', '32', 'Html', '58', '2022-09-12 19:11:05');
INSERT INTO `tb_score` VALUES ('467', '32', 'MySQL', '32', '2022-01-26 19:31:07');
INSERT INTO `tb_score` VALUES ('468', '32', 'Java', '68', '2022-07-28 16:55:44');
INSERT INTO `tb_score` VALUES ('469', '32', 'Hadoop', '63', '2022-09-08 19:30:32');
INSERT INTO `tb_score` VALUES ('470', '32', 'Javascript', '34', '2022-04-19 09:35:48');
INSERT INTO `tb_score` VALUES ('471', '32', 'PS', '62', '2022-02-16 01:11:26');
INSERT INTO `tb_score` VALUES ('472', '32', 'CBT', '72', '2022-01-22 20:05:04');
INSERT INTO `tb_score` VALUES ('473', '32', 'Flume', '74', '2022-11-13 20:11:09');
INSERT INTO `tb_score` VALUES ('474', '32', 'Hive', '28', '2022-07-22 21:04:13');
INSERT INTO `tb_score` VALUES ('475', '32', 'Kafka', '60', '2022-10-08 10:32:57');
INSERT INTO `tb_score` VALUES ('476', '32', 'Linux', '92', '2022-04-03 08:59:31');
INSERT INTO `tb_score` VALUES ('477', '32', 'Spark', '92', '2022-03-31 20:17:31');
INSERT INTO `tb_score` VALUES ('478', '32', 'HBase', '97', '2022-11-06 09:22:35');
INSERT INTO `tb_score` VALUES ('479', '32', 'JavaWeb', '93', '2022-06-10 14:47:45');
INSERT INTO `tb_score` VALUES ('480', '32', 'JavaAdvance', '33', '2022-12-02 13:25:10');
INSERT INTO `tb_score` VALUES ('481', '33', 'Html', '81', '2022-08-15 04:34:52');
INSERT INTO `tb_score` VALUES ('482', '33', 'MySQL', '22', '2022-09-13 18:49:44');
INSERT INTO `tb_score` VALUES ('483', '33', 'Java', '57', '2022-09-09 04:27:35');
INSERT INTO `tb_score` VALUES ('484', '33', 'Hadoop', '21', '2022-01-17 04:12:24');
INSERT INTO `tb_score` VALUES ('485', '33', 'Javascript', '85', '2022-05-10 17:36:23');
INSERT INTO `tb_score` VALUES ('486', '33', 'PS', '93', '2022-10-27 11:32:39');
INSERT INTO `tb_score` VALUES ('487', '33', 'CBT', '53', '2022-08-03 21:16:52');
INSERT INTO `tb_score` VALUES ('488', '33', 'Flume', '56', '2022-12-19 22:43:04');
INSERT INTO `tb_score` VALUES ('489', '33', 'Hive', '63', '2022-07-19 16:00:10');
INSERT INTO `tb_score` VALUES ('490', '33', 'Kafka', '44', '2022-02-11 02:59:05');
INSERT INTO `tb_score` VALUES ('491', '33', 'Linux', '30', '2022-07-09 09:24:11');
INSERT INTO `tb_score` VALUES ('492', '33', 'Spark', '37', '2022-04-24 01:30:25');
INSERT INTO `tb_score` VALUES ('493', '33', 'HBase', '70', '2022-12-14 09:48:37');
INSERT INTO `tb_score` VALUES ('494', '33', 'JavaWeb', '97', '2022-09-25 07:09:43');
INSERT INTO `tb_score` VALUES ('495', '33', 'JavaAdvance', '70', '2022-04-25 20:11:51');
INSERT INTO `tb_score` VALUES ('496', '34', 'Html', '75', '2022-10-01 07:45:09');
INSERT INTO `tb_score` VALUES ('497', '34', 'MySQL', '37', '2022-12-02 18:17:40');
INSERT INTO `tb_score` VALUES ('498', '34', 'Java', '46', '2022-07-09 00:39:12');
INSERT INTO `tb_score` VALUES ('499', '34', 'Hadoop', '80', '2022-12-17 05:00:50');
INSERT INTO `tb_score` VALUES ('500', '34', 'Javascript', '68', '2022-08-04 17:24:38');
INSERT INTO `tb_score` VALUES ('501', '34', 'PS', '84', '2022-01-07 13:12:48');
INSERT INTO `tb_score` VALUES ('502', '34', 'CBT', '37', '2022-08-06 01:36:04');
INSERT INTO `tb_score` VALUES ('503', '34', 'Flume', '68', '2022-12-15 16:43:16');
INSERT INTO `tb_score` VALUES ('504', '34', 'Hive', '34', '2022-10-27 08:09:51');
INSERT INTO `tb_score` VALUES ('505', '34', 'Kafka', '64', '2022-11-11 04:08:10');
INSERT INTO `tb_score` VALUES ('506', '34', 'Linux', '53', '2022-10-28 16:44:40');
INSERT INTO `tb_score` VALUES ('507', '34', 'Spark', '87', '2022-05-23 00:04:42');
INSERT INTO `tb_score` VALUES ('508', '34', 'HBase', '82', '2022-04-08 13:21:46');
INSERT INTO `tb_score` VALUES ('509', '34', 'JavaWeb', '73', '2022-04-06 10:29:20');
INSERT INTO `tb_score` VALUES ('510', '34', 'JavaAdvance', '43', '2022-02-17 12:38:44');
INSERT INTO `tb_score` VALUES ('511', '35', 'Html', '54', '2022-08-06 09:24:47');
INSERT INTO `tb_score` VALUES ('512', '35', 'MySQL', '62', '2022-12-25 01:20:49');
INSERT INTO `tb_score` VALUES ('513', '35', 'Java', '52', '2022-05-06 17:55:25');
INSERT INTO `tb_score` VALUES ('514', '35', 'Hadoop', '82', '2022-02-06 03:46:52');
INSERT INTO `tb_score` VALUES ('515', '35', 'Javascript', '85', '2022-06-08 09:07:18');
INSERT INTO `tb_score` VALUES ('516', '35', 'PS', '30', '2022-05-31 01:17:45');
INSERT INTO `tb_score` VALUES ('517', '35', 'CBT', '99', '2022-11-23 14:45:26');
INSERT INTO `tb_score` VALUES ('518', '35', 'Flume', '98', '2022-03-18 01:41:30');
INSERT INTO `tb_score` VALUES ('519', '35', 'Hive', '80', '2022-07-03 19:32:22');
INSERT INTO `tb_score` VALUES ('520', '35', 'Kafka', '61', '2022-03-14 00:58:01');
INSERT INTO `tb_score` VALUES ('521', '35', 'Linux', '99', '2022-11-18 14:11:50');
INSERT INTO `tb_score` VALUES ('522', '35', 'Spark', '65', '2022-10-28 05:07:02');
INSERT INTO `tb_score` VALUES ('523', '35', 'HBase', '25', '2022-09-18 02:45:13');
INSERT INTO `tb_score` VALUES ('524', '35', 'JavaWeb', '52', '2022-10-02 14:19:15');
INSERT INTO `tb_score` VALUES ('525', '35', 'JavaAdvance', '67', '2022-04-23 07:11:55');
INSERT INTO `tb_score` VALUES ('526', '36', 'Html', '89', '2022-04-17 20:50:31');
INSERT INTO `tb_score` VALUES ('527', '36', 'MySQL', '85', '2022-04-21 18:30:43');
INSERT INTO `tb_score` VALUES ('528', '36', 'Java', '33', '2022-05-25 16:52:27');
INSERT INTO `tb_score` VALUES ('529', '36', 'Hadoop', '60', '2022-03-08 11:30:00');
INSERT INTO `tb_score` VALUES ('530', '36', 'Javascript', '75', '2022-02-23 22:03:32');
INSERT INTO `tb_score` VALUES ('531', '36', 'PS', '94', '2022-09-23 04:27:49');
INSERT INTO `tb_score` VALUES ('532', '36', 'CBT', '37', '2022-10-06 06:27:48');
INSERT INTO `tb_score` VALUES ('533', '36', 'Flume', '40', '2022-03-03 10:22:36');
INSERT INTO `tb_score` VALUES ('534', '36', 'Hive', '69', '2022-08-27 11:06:43');
INSERT INTO `tb_score` VALUES ('535', '36', 'Kafka', '36', '2022-02-27 11:57:20');
INSERT INTO `tb_score` VALUES ('536', '36', 'Linux', '75', '2022-11-02 00:28:45');
INSERT INTO `tb_score` VALUES ('537', '36', 'Spark', '55', '2022-12-26 15:50:17');
INSERT INTO `tb_score` VALUES ('538', '36', 'HBase', '95', '2022-12-13 19:44:36');
INSERT INTO `tb_score` VALUES ('539', '36', 'JavaWeb', '44', '2022-03-27 01:12:13');
INSERT INTO `tb_score` VALUES ('540', '36', 'JavaAdvance', '43', '2022-04-16 21:24:21');
INSERT INTO `tb_score` VALUES ('541', '37', 'Html', '81', '2022-03-31 14:22:29');
INSERT INTO `tb_score` VALUES ('542', '37', 'MySQL', '62', '2022-04-21 14:02:22');
INSERT INTO `tb_score` VALUES ('543', '37', 'Java', '44', '2022-07-28 00:40:26');
INSERT INTO `tb_score` VALUES ('544', '37', 'Hadoop', '80', '2022-12-26 10:39:46');
INSERT INTO `tb_score` VALUES ('545', '37', 'Javascript', '77', '2022-08-07 23:05:38');
INSERT INTO `tb_score` VALUES ('546', '37', 'PS', '34', '2022-09-27 01:18:59');
INSERT INTO `tb_score` VALUES ('547', '37', 'CBT', '29', '2022-03-09 07:23:06');
INSERT INTO `tb_score` VALUES ('548', '37', 'Flume', '87', '2022-02-05 20:05:14');
INSERT INTO `tb_score` VALUES ('549', '37', 'Hive', '58', '2022-08-24 05:20:58');
INSERT INTO `tb_score` VALUES ('550', '37', 'Kafka', '58', '2022-10-26 10:53:44');
INSERT INTO `tb_score` VALUES ('551', '37', 'Linux', '23', '2022-12-30 16:35:30');
INSERT INTO `tb_score` VALUES ('552', '37', 'Spark', '53', '2022-07-24 01:29:06');
INSERT INTO `tb_score` VALUES ('553', '37', 'HBase', '63', '2022-09-13 21:55:41');
INSERT INTO `tb_score` VALUES ('554', '37', 'JavaWeb', '64', '2022-09-15 23:48:08');
INSERT INTO `tb_score` VALUES ('555', '37', 'JavaAdvance', '66', '2022-12-27 02:21:26');
INSERT INTO `tb_score` VALUES ('556', '38', 'Html', '83', '2022-05-04 10:18:26');
INSERT INTO `tb_score` VALUES ('557', '38', 'MySQL', '58', '2022-04-28 09:29:14');
INSERT INTO `tb_score` VALUES ('558', '38', 'Java', '76', '2022-03-31 16:31:36');
INSERT INTO `tb_score` VALUES ('559', '38', 'Hadoop', '33', '2022-11-25 13:22:07');
INSERT INTO `tb_score` VALUES ('560', '38', 'Javascript', '58', '2022-09-17 20:24:02');
INSERT INTO `tb_score` VALUES ('561', '38', 'PS', '26', '2022-07-26 01:22:48');
INSERT INTO `tb_score` VALUES ('562', '38', 'CBT', '84', '2022-10-22 09:10:46');
INSERT INTO `tb_score` VALUES ('563', '38', 'Flume', '48', '2022-08-10 22:19:10');
INSERT INTO `tb_score` VALUES ('564', '38', 'Hive', '22', '2022-03-15 05:53:40');
INSERT INTO `tb_score` VALUES ('565', '38', 'Kafka', '91', '2022-10-09 08:34:55');
INSERT INTO `tb_score` VALUES ('566', '38', 'Linux', '37', '2022-12-22 15:27:05');
INSERT INTO `tb_score` VALUES ('567', '38', 'Spark', '100', '2022-07-06 11:25:22');
INSERT INTO `tb_score` VALUES ('568', '38', 'HBase', '96', '2022-10-20 23:10:30');
INSERT INTO `tb_score` VALUES ('569', '38', 'JavaWeb', '54', '2022-03-05 12:40:15');
INSERT INTO `tb_score` VALUES ('570', '38', 'JavaAdvance', '28', '2022-09-12 08:28:14');
INSERT INTO `tb_score` VALUES ('571', '39', 'Html', '28', '2022-07-09 19:55:31');
INSERT INTO `tb_score` VALUES ('572', '39', 'MySQL', '90', '2022-06-24 10:59:39');
INSERT INTO `tb_score` VALUES ('573', '39', 'Java', '20', '2022-04-08 05:58:02');
INSERT INTO `tb_score` VALUES ('574', '39', 'Hadoop', '33', '2022-08-16 12:44:01');
INSERT INTO `tb_score` VALUES ('575', '39', 'Javascript', '65', '2022-07-28 15:07:12');
INSERT INTO `tb_score` VALUES ('576', '39', 'PS', '76', '2022-06-25 11:24:36');
INSERT INTO `tb_score` VALUES ('577', '39', 'CBT', '66', '2022-01-04 13:05:57');
INSERT INTO `tb_score` VALUES ('578', '39', 'Flume', '32', '2022-10-09 17:06:40');
INSERT INTO `tb_score` VALUES ('579', '39', 'Hive', '77', '2022-05-22 22:21:19');
INSERT INTO `tb_score` VALUES ('580', '39', 'Kafka', '39', '2022-03-18 20:11:09');
INSERT INTO `tb_score` VALUES ('581', '39', 'Linux', '31', '2022-05-01 00:43:43');
INSERT INTO `tb_score` VALUES ('582', '39', 'Spark', '51', '2022-12-28 22:51:44');
INSERT INTO `tb_score` VALUES ('583', '39', 'HBase', '94', '2022-11-03 17:11:46');
INSERT INTO `tb_score` VALUES ('584', '39', 'JavaWeb', '61', '2022-08-24 01:44:41');
INSERT INTO `tb_score` VALUES ('585', '39', 'JavaAdvance', '101', '2022-09-19 07:16:33');
INSERT INTO `tb_score` VALUES ('586', '40', 'Html', '75', '2022-03-01 19:13:31');
INSERT INTO `tb_score` VALUES ('587', '40', 'MySQL', '33', '2022-10-08 03:37:45');
INSERT INTO `tb_score` VALUES ('588', '40', 'Java', '101', '2022-05-03 10:04:18');
INSERT INTO `tb_score` VALUES ('589', '40', 'Hadoop', '95', '2022-05-18 23:04:58');
INSERT INTO `tb_score` VALUES ('590', '40', 'Javascript', '60', '2022-06-22 23:37:35');
INSERT INTO `tb_score` VALUES ('591', '40', 'PS', '101', '2022-04-09 16:24:35');
INSERT INTO `tb_score` VALUES ('592', '40', 'CBT', '31', '2022-09-03 12:16:35');
INSERT INTO `tb_score` VALUES ('593', '40', 'Flume', '58', '2022-07-01 12:31:43');
INSERT INTO `tb_score` VALUES ('594', '40', 'Hive', '43', '2022-04-15 10:21:10');
INSERT INTO `tb_score` VALUES ('595', '40', 'Kafka', '21', '2022-03-20 08:48:02');
INSERT INTO `tb_score` VALUES ('596', '40', 'Linux', '31', '2022-03-11 21:01:55');
INSERT INTO `tb_score` VALUES ('597', '40', 'Spark', '34', '2022-09-13 03:49:31');
INSERT INTO `tb_score` VALUES ('598', '40', 'HBase', '65', '2022-09-29 23:16:43');
INSERT INTO `tb_score` VALUES ('599', '40', 'JavaWeb', '50', '2022-09-12 11:51:54');
INSERT INTO `tb_score` VALUES ('600', '40', 'JavaAdvance', '34', '2022-10-19 18:05:23');
INSERT INTO `tb_score` VALUES ('601', '41', 'Html', '39', '2022-05-15 11:46:16');
INSERT INTO `tb_score` VALUES ('602', '41', 'MySQL', '70', '2022-01-12 04:33:05');
INSERT INTO `tb_score` VALUES ('603', '41', 'Java', '28', '2022-11-26 15:56:44');
INSERT INTO `tb_score` VALUES ('604', '41', 'Hadoop', '99', '2022-01-06 03:00:37');
INSERT INTO `tb_score` VALUES ('605', '41', 'Javascript', '83', '2022-09-17 11:03:17');
INSERT INTO `tb_score` VALUES ('606', '41', 'PS', '42', '2022-10-28 14:24:51');
INSERT INTO `tb_score` VALUES ('607', '41', 'CBT', '36', '2022-03-13 05:17:42');
INSERT INTO `tb_score` VALUES ('608', '41', 'Flume', '77', '2022-04-27 23:41:46');
INSERT INTO `tb_score` VALUES ('609', '41', 'Hive', '89', '2022-07-19 18:30:26');
INSERT INTO `tb_score` VALUES ('610', '41', 'Kafka', '25', '2022-08-04 15:33:14');
INSERT INTO `tb_score` VALUES ('611', '41', 'Linux', '64', '2022-01-27 04:45:29');
INSERT INTO `tb_score` VALUES ('612', '41', 'Spark', '97', '2022-06-08 12:22:57');
INSERT INTO `tb_score` VALUES ('613', '41', 'HBase', '62', '2022-04-21 23:27:12');
INSERT INTO `tb_score` VALUES ('614', '41', 'JavaWeb', '54', '2022-12-24 01:30:51');
INSERT INTO `tb_score` VALUES ('615', '41', 'JavaAdvance', '59', '2022-06-18 20:40:37');
INSERT INTO `tb_score` VALUES ('616', '42', 'Html', '20', '2022-09-21 06:24:31');
INSERT INTO `tb_score` VALUES ('617', '42', 'MySQL', '80', '2022-08-12 22:52:55');
INSERT INTO `tb_score` VALUES ('618', '42', 'Java', '91', '2022-05-09 18:14:38');
INSERT INTO `tb_score` VALUES ('619', '42', 'Hadoop', '55', '2022-08-06 07:26:48');
INSERT INTO `tb_score` VALUES ('620', '42', 'Javascript', '94', '2022-10-10 16:29:16');
INSERT INTO `tb_score` VALUES ('621', '42', 'PS', '68', '2022-06-10 01:15:51');
INSERT INTO `tb_score` VALUES ('622', '42', 'CBT', '100', '2022-01-25 23:52:15');
INSERT INTO `tb_score` VALUES ('623', '42', 'Flume', '30', '2022-09-25 04:32:22');
INSERT INTO `tb_score` VALUES ('624', '42', 'Hive', '61', '2022-08-20 15:11:25');
INSERT INTO `tb_score` VALUES ('625', '42', 'Kafka', '40', '2022-06-19 00:48:28');
INSERT INTO `tb_score` VALUES ('626', '42', 'Linux', '76', '2022-11-22 02:54:22');
INSERT INTO `tb_score` VALUES ('627', '42', 'Spark', '39', '2022-01-13 14:20:18');
INSERT INTO `tb_score` VALUES ('628', '42', 'HBase', '94', '2022-08-13 05:16:15');
INSERT INTO `tb_score` VALUES ('629', '42', 'JavaWeb', '24', '2022-10-28 12:55:57');
INSERT INTO `tb_score` VALUES ('630', '42', 'JavaAdvance', '58', '2022-05-20 03:09:01');
INSERT INTO `tb_score` VALUES ('631', '43', 'Html', '57', '2022-09-26 20:23:52');
INSERT INTO `tb_score` VALUES ('632', '43', 'MySQL', '88', '2022-04-12 10:53:09');
INSERT INTO `tb_score` VALUES ('633', '43', 'Java', '54', '2022-09-23 14:38:04');
INSERT INTO `tb_score` VALUES ('634', '43', 'Hadoop', '98', '2022-07-29 04:52:30');
INSERT INTO `tb_score` VALUES ('635', '43', 'Javascript', '49', '2022-09-04 20:14:24');
INSERT INTO `tb_score` VALUES ('636', '43', 'PS', '24', '2022-10-11 16:44:40');
INSERT INTO `tb_score` VALUES ('637', '43', 'CBT', '87', '2022-01-30 19:00:02');
INSERT INTO `tb_score` VALUES ('638', '43', 'Flume', '72', '2022-03-10 22:58:52');
INSERT INTO `tb_score` VALUES ('639', '43', 'Hive', '86', '2022-11-03 20:25:31');
INSERT INTO `tb_score` VALUES ('640', '43', 'Kafka', '58', '2022-11-02 06:58:21');
INSERT INTO `tb_score` VALUES ('641', '43', 'Linux', '50', '2022-12-03 05:40:44');
INSERT INTO `tb_score` VALUES ('642', '43', 'Spark', '33', '2022-08-01 03:05:19');
INSERT INTO `tb_score` VALUES ('643', '43', 'HBase', '62', '2022-04-09 01:59:33');
INSERT INTO `tb_score` VALUES ('644', '43', 'JavaWeb', '52', '2022-10-05 01:21:37');
INSERT INTO `tb_score` VALUES ('645', '43', 'JavaAdvance', '77', '2022-07-18 07:47:59');
INSERT INTO `tb_score` VALUES ('646', '44', 'Html', '50', '2022-04-16 08:14:09');
INSERT INTO `tb_score` VALUES ('647', '44', 'MySQL', '62', '2022-07-08 16:48:18');
INSERT INTO `tb_score` VALUES ('661', '45', 'Html', '99', '2022-11-28 21:03:33');
INSERT INTO `tb_score` VALUES ('662', '45', 'MySQL', '63', '2022-03-23 00:02:41');
INSERT INTO `tb_score` VALUES ('663', '45', 'Java', '36', '2022-07-03 06:35:44');
INSERT INTO `tb_score` VALUES ('664', '45', 'Hadoop', '81', '2022-02-02 16:58:19');
INSERT INTO `tb_score` VALUES ('665', '45', 'Javascript', '85', '2022-04-08 12:13:46');
INSERT INTO `tb_score` VALUES ('666', '45', 'PS', '27', '2022-02-26 22:15:25');
INSERT INTO `tb_score` VALUES ('667', '45', 'CBT', '58', '2022-03-28 06:06:03');
INSERT INTO `tb_score` VALUES ('668', '45', 'Flume', '80', '2022-05-22 17:56:21');
INSERT INTO `tb_score` VALUES ('669', '45', 'Hive', '32', '2022-07-12 03:31:28');
INSERT INTO `tb_score` VALUES ('670', '45', 'Kafka', '46', '2022-01-11 17:17:16');
INSERT INTO `tb_score` VALUES ('671', '45', 'Linux', '80', '2022-01-19 00:15:50');
INSERT INTO `tb_score` VALUES ('672', '45', 'Spark', '60', '2022-11-03 12:13:48');
INSERT INTO `tb_score` VALUES ('673', '45', 'HBase', '56', '2022-09-19 06:26:38');
INSERT INTO `tb_score` VALUES ('674', '45', 'JavaWeb', '54', '2022-09-04 20:24:46');
INSERT INTO `tb_score` VALUES ('675', '45', 'JavaAdvance', '31', '2022-05-22 21:28:28');
INSERT INTO `tb_score` VALUES ('676', '46', 'Html', '60', '2022-10-02 18:54:48');
INSERT INTO `tb_score` VALUES ('677', '46', 'MySQL', '34', '2022-03-22 23:25:35');
INSERT INTO `tb_score` VALUES ('678', '46', 'Java', '98', '2022-11-19 07:28:30');
INSERT INTO `tb_score` VALUES ('679', '46', 'Hadoop', '80', '2022-07-11 16:08:59');
INSERT INTO `tb_score` VALUES ('680', '46', 'Javascript', '20', '2022-04-23 15:07:12');
INSERT INTO `tb_score` VALUES ('681', '46', 'PS', '48', '2022-02-24 10:13:28');
INSERT INTO `tb_score` VALUES ('682', '46', 'CBT', '94', '2022-07-09 07:06:47');
INSERT INTO `tb_score` VALUES ('683', '46', 'Flume', '98', '2022-04-14 15:20:56');
INSERT INTO `tb_score` VALUES ('684', '46', 'Hive', '99', '2022-09-11 18:56:48');
INSERT INTO `tb_score` VALUES ('685', '46', 'Kafka', '61', '2022-08-03 05:36:58');
INSERT INTO `tb_score` VALUES ('686', '46', 'Linux', '41', '2022-04-02 19:58:09');
INSERT INTO `tb_score` VALUES ('687', '46', 'Spark', '91', '2022-05-22 19:54:47');
INSERT INTO `tb_score` VALUES ('688', '46', 'HBase', '83', '2022-11-03 01:28:09');
INSERT INTO `tb_score` VALUES ('689', '46', 'JavaWeb', '86', '2022-03-06 06:14:43');
INSERT INTO `tb_score` VALUES ('690', '46', 'JavaAdvance', '52', '2022-06-03 00:00:41');
INSERT INTO `tb_score` VALUES ('691', '47', 'Html', '20', '2022-10-28 12:01:56');
INSERT INTO `tb_score` VALUES ('692', '47', 'MySQL', '35', '2022-03-30 22:47:36');
INSERT INTO `tb_score` VALUES ('693', '47', 'Java', '33', '2022-08-31 05:40:23');
INSERT INTO `tb_score` VALUES ('694', '47', 'Hadoop', '20', '2022-12-29 20:25:42');
INSERT INTO `tb_score` VALUES ('695', '47', 'Javascript', '31', '2022-08-22 23:15:21');
INSERT INTO `tb_score` VALUES ('696', '47', 'PS', '32', '2022-03-21 16:00:59');
INSERT INTO `tb_score` VALUES ('697', '47', 'CBT', '101', '2022-11-20 09:01:38');
INSERT INTO `tb_score` VALUES ('698', '47', 'Flume', '76', '2022-05-13 21:44:56');
INSERT INTO `tb_score` VALUES ('699', '47', 'Hive', '69', '2022-05-02 06:29:48');
INSERT INTO `tb_score` VALUES ('700', '47', 'Kafka', '22', '2022-04-21 08:26:09');
INSERT INTO `tb_score` VALUES ('701', '47', 'Linux', '89', '2022-08-28 15:57:14');
INSERT INTO `tb_score` VALUES ('702', '47', 'Spark', '35', '2022-10-16 20:31:16');
INSERT INTO `tb_score` VALUES ('703', '47', 'HBase', '46', '2022-11-25 06:18:29');
INSERT INTO `tb_score` VALUES ('704', '47', 'JavaWeb', '94', '2022-05-12 10:07:18');
INSERT INTO `tb_score` VALUES ('705', '47', 'JavaAdvance', '77', '2022-01-29 13:15:39');
INSERT INTO `tb_score` VALUES ('706', '48', 'Html', '30', '2022-07-20 03:04:44');
INSERT INTO `tb_score` VALUES ('707', '48', 'MySQL', '54', '2022-06-03 21:20:54');
INSERT INTO `tb_score` VALUES ('708', '48', 'Java', '29', '2022-03-30 21:14:47');
INSERT INTO `tb_score` VALUES ('709', '48', 'Hadoop', '25', '2022-05-18 02:49:43');
INSERT INTO `tb_score` VALUES ('710', '48', 'Javascript', '69', '2022-10-09 19:21:37');
INSERT INTO `tb_score` VALUES ('711', '48', 'PS', '90', '2022-07-31 19:59:31');
INSERT INTO `tb_score` VALUES ('712', '48', 'CBT', '40', '2022-01-08 03:01:24');
INSERT INTO `tb_score` VALUES ('713', '48', 'Flume', '70', '2022-08-06 04:27:22');
INSERT INTO `tb_score` VALUES ('714', '48', 'Hive', '36', '2022-10-10 16:10:07');
INSERT INTO `tb_score` VALUES ('715', '48', 'Kafka', '57', '2022-04-16 08:37:58');
INSERT INTO `tb_score` VALUES ('716', '48', 'Linux', '59', '2022-07-06 06:02:16');
INSERT INTO `tb_score` VALUES ('717', '48', 'Spark', '29', '2022-06-27 10:41:15');
INSERT INTO `tb_score` VALUES ('718', '48', 'HBase', '23', '2022-10-02 08:06:10');
INSERT INTO `tb_score` VALUES ('719', '48', 'JavaWeb', '62', '2022-10-23 09:00:15');
INSERT INTO `tb_score` VALUES ('720', '48', 'JavaAdvance', '32', '2022-09-11 23:56:01');
INSERT INTO `tb_score` VALUES ('721', '49', 'Html', '23', '2022-11-17 14:24:54');
INSERT INTO `tb_score` VALUES ('722', '49', 'MySQL', '20', '2022-10-02 08:27:47');
INSERT INTO `tb_score` VALUES ('723', '49', 'Java', '65', '2022-12-14 19:29:36');
INSERT INTO `tb_score` VALUES ('724', '49', 'Hadoop', '33', '2022-10-22 00:31:06');
INSERT INTO `tb_score` VALUES ('725', '49', 'Javascript', '75', '2022-06-04 15:23:40');
INSERT INTO `tb_score` VALUES ('726', '49', 'PS', '85', '2022-06-29 13:33:46');
INSERT INTO `tb_score` VALUES ('727', '49', 'CBT', '72', '2022-01-11 07:00:48');
INSERT INTO `tb_score` VALUES ('728', '49', 'Flume', '81', '2022-09-24 12:32:31');
INSERT INTO `tb_score` VALUES ('729', '49', 'Hive', '69', '2022-12-05 22:22:35');
INSERT INTO `tb_score` VALUES ('730', '49', 'Kafka', '50', '2022-09-11 04:00:28');
INSERT INTO `tb_score` VALUES ('731', '49', 'Linux', '58', '2022-02-18 15:12:34');
INSERT INTO `tb_score` VALUES ('732', '49', 'Spark', '28', '2022-08-17 19:19:18');
INSERT INTO `tb_score` VALUES ('733', '49', 'HBase', '86', '2022-05-16 07:40:03');
INSERT INTO `tb_score` VALUES ('734', '49', 'JavaWeb', '47', '2022-07-07 21:36:39');
INSERT INTO `tb_score` VALUES ('735', '49', 'JavaAdvance', '27', '2022-09-29 14:19:00');
INSERT INTO `tb_score` VALUES ('736', '50', 'Html', '36', '2022-03-21 21:48:28');
INSERT INTO `tb_score` VALUES ('737', '50', 'MySQL', '83', '2022-06-08 15:39:58');
INSERT INTO `tb_score` VALUES ('738', '50', 'Java', '69', '2022-06-23 09:10:55');
INSERT INTO `tb_score` VALUES ('739', '50', 'Hadoop', '83', '2022-01-31 06:31:27');
INSERT INTO `tb_score` VALUES ('740', '50', 'Javascript', '29', '2022-02-27 19:03:01');
INSERT INTO `tb_score` VALUES ('741', '50', 'PS', '29', '2022-12-18 05:40:51');
INSERT INTO `tb_score` VALUES ('742', '50', 'CBT', '98', '2022-03-11 16:06:43');
INSERT INTO `tb_score` VALUES ('743', '50', 'Flume', '26', '2022-01-06 15:13:36');
INSERT INTO `tb_score` VALUES ('744', '50', 'Hive', '46', '2022-02-22 04:12:52');
INSERT INTO `tb_score` VALUES ('745', '50', 'Kafka', '27', '2022-02-13 05:20:06');
INSERT INTO `tb_score` VALUES ('746', '50', 'Linux', '98', '2022-08-24 08:06:12');
INSERT INTO `tb_score` VALUES ('747', '50', 'Spark', '55', '2022-01-17 18:48:35');
INSERT INTO `tb_score` VALUES ('748', '50', 'HBase', '52', '2022-02-03 11:48:39');
INSERT INTO `tb_score` VALUES ('749', '50', 'JavaWeb', '98', '2022-10-18 07:22:24');
INSERT INTO `tb_score` VALUES ('750', '50', 'JavaAdvance', '83', '2022-06-06 18:29:16');
INSERT INTO `tb_score` VALUES ('751', '51', 'Html', '86', '2022-03-03 11:06:58');
INSERT INTO `tb_score` VALUES ('752', '51', 'MySQL', '64', '2022-01-11 03:28:49');
INSERT INTO `tb_score` VALUES ('753', '51', 'Java', '84', '2022-06-11 17:47:54');
INSERT INTO `tb_score` VALUES ('754', '51', 'Hadoop', '36', '2022-06-13 03:42:50');
INSERT INTO `tb_score` VALUES ('755', '51', 'Javascript', '64', '2022-02-02 14:10:03');
INSERT INTO `tb_score` VALUES ('756', '51', 'PS', '101', '2022-11-29 12:46:18');
INSERT INTO `tb_score` VALUES ('757', '51', 'CBT', '64', '2022-02-21 07:22:09');
INSERT INTO `tb_score` VALUES ('758', '51', 'Flume', '93', '2022-12-23 03:49:45');
INSERT INTO `tb_score` VALUES ('759', '51', 'Hive', '75', '2022-01-26 08:34:59');
INSERT INTO `tb_score` VALUES ('760', '51', 'Kafka', '44', '2022-12-01 03:21:47');
INSERT INTO `tb_score` VALUES ('761', '51', 'Linux', '40', '2022-02-12 20:07:13');
INSERT INTO `tb_score` VALUES ('762', '51', 'Spark', '100', '2022-09-27 01:25:22');
INSERT INTO `tb_score` VALUES ('763', '51', 'HBase', '29', '2022-11-01 10:08:33');
INSERT INTO `tb_score` VALUES ('764', '51', 'JavaWeb', '49', '2022-11-26 08:15:25');
INSERT INTO `tb_score` VALUES ('765', '51', 'JavaAdvance', '34', '2022-03-18 09:46:06');
INSERT INTO `tb_score` VALUES ('766', '52', 'Html', '77', '2022-07-08 04:03:22');
INSERT INTO `tb_score` VALUES ('767', '52', 'MySQL', '44', '2022-09-10 19:32:20');
INSERT INTO `tb_score` VALUES ('768', '52', 'Java', '26', '2022-04-05 05:22:45');
INSERT INTO `tb_score` VALUES ('769', '52', 'Hadoop', '23', '2022-05-26 05:25:32');
INSERT INTO `tb_score` VALUES ('770', '52', 'Javascript', '49', '2022-01-15 08:28:38');
INSERT INTO `tb_score` VALUES ('771', '52', 'PS', '52', '2022-12-23 02:05:53');
INSERT INTO `tb_score` VALUES ('772', '52', 'CBT', '43', '2022-03-31 08:03:14');
INSERT INTO `tb_score` VALUES ('773', '52', 'Flume', '54', '2022-03-11 12:40:29');
INSERT INTO `tb_score` VALUES ('774', '52', 'Hive', '37', '2022-04-16 02:47:14');
INSERT INTO `tb_score` VALUES ('775', '52', 'Kafka', '30', '2022-04-01 02:46:46');
INSERT INTO `tb_score` VALUES ('776', '52', 'Linux', '70', '2022-01-31 17:25:24');
INSERT INTO `tb_score` VALUES ('777', '52', 'Spark', '52', '2022-03-14 08:10:02');
INSERT INTO `tb_score` VALUES ('778', '52', 'HBase', '20', '2022-07-29 17:51:57');
INSERT INTO `tb_score` VALUES ('779', '52', 'JavaWeb', '49', '2022-01-18 14:20:20');
INSERT INTO `tb_score` VALUES ('780', '52', 'JavaAdvance', '90', '2022-08-24 17:45:56');
INSERT INTO `tb_score` VALUES ('781', '53', 'Html', '28', '2022-04-26 21:40:50');
INSERT INTO `tb_score` VALUES ('782', '53', 'MySQL', '78', '2022-02-01 20:23:18');
INSERT INTO `tb_score` VALUES ('783', '53', 'Java', '86', '2022-11-30 20:10:14');
INSERT INTO `tb_score` VALUES ('784', '53', 'Hadoop', '23', '2022-09-08 13:35:19');
INSERT INTO `tb_score` VALUES ('785', '53', 'Javascript', '66', '2022-08-07 00:33:24');
INSERT INTO `tb_score` VALUES ('786', '53', 'PS', '36', '2022-02-23 05:48:11');
INSERT INTO `tb_score` VALUES ('787', '53', 'CBT', '36', '2022-08-18 05:55:31');
INSERT INTO `tb_score` VALUES ('788', '53', 'Flume', '26', '2022-11-30 00:53:12');
INSERT INTO `tb_score` VALUES ('789', '53', 'Hive', '60', '2022-12-30 19:36:25');
INSERT INTO `tb_score` VALUES ('790', '53', 'Kafka', '49', '2022-02-03 12:18:19');
INSERT INTO `tb_score` VALUES ('791', '53', 'Linux', '98', '2022-03-05 06:50:55');
INSERT INTO `tb_score` VALUES ('792', '53', 'Spark', '81', '2022-02-27 23:25:26');
INSERT INTO `tb_score` VALUES ('793', '53', 'HBase', '28', '2022-07-15 12:22:02');
INSERT INTO `tb_score` VALUES ('794', '53', 'JavaWeb', '97', '2022-11-29 00:41:27');
INSERT INTO `tb_score` VALUES ('795', '53', 'JavaAdvance', '38', '2022-08-15 05:25:20');
INSERT INTO `tb_score` VALUES ('796', '54', 'Html', '77', '2022-02-03 09:34:23');
INSERT INTO `tb_score` VALUES ('797', '54', 'MySQL', '69', '2022-05-29 02:17:54');
INSERT INTO `tb_score` VALUES ('798', '54', 'Java', '85', '2022-08-05 03:17:40');
INSERT INTO `tb_score` VALUES ('799', '54', 'Hadoop', '28', '2022-10-29 23:59:34');
INSERT INTO `tb_score` VALUES ('800', '54', 'Javascript', '77', '2022-06-06 17:45:52');
INSERT INTO `tb_score` VALUES ('801', '54', 'PS', '76', '2022-12-17 02:01:28');
INSERT INTO `tb_score` VALUES ('802', '54', 'CBT', '32', '2022-05-21 07:27:18');
INSERT INTO `tb_score` VALUES ('803', '54', 'Flume', '70', '2022-10-19 00:27:55');
INSERT INTO `tb_score` VALUES ('804', '54', 'Hive', '83', '2022-07-14 12:39:54');
INSERT INTO `tb_score` VALUES ('805', '54', 'Kafka', '76', '2022-10-25 20:10:19');
INSERT INTO `tb_score` VALUES ('806', '54', 'Linux', '20', '2022-06-09 04:14:35');
INSERT INTO `tb_score` VALUES ('807', '54', 'Spark', '24', '2022-09-17 20:59:04');
INSERT INTO `tb_score` VALUES ('808', '54', 'HBase', '100', '2022-02-03 14:50:37');
INSERT INTO `tb_score` VALUES ('809', '54', 'JavaWeb', '48', '2022-05-14 09:52:31');
INSERT INTO `tb_score` VALUES ('810', '54', 'JavaAdvance', '58', '2022-09-25 18:40:05');
INSERT INTO `tb_score` VALUES ('811', '55', 'Html', '70', '2022-04-10 07:48:36');
INSERT INTO `tb_score` VALUES ('812', '55', 'MySQL', '61', '2022-08-23 11:53:42');
INSERT INTO `tb_score` VALUES ('813', '55', 'Java', '28', '2022-10-20 06:24:28');
INSERT INTO `tb_score` VALUES ('814', '55', 'Hadoop', '90', '2022-08-19 05:23:41');
INSERT INTO `tb_score` VALUES ('815', '55', 'Javascript', '38', '2022-09-05 13:09:26');
INSERT INTO `tb_score` VALUES ('816', '55', 'PS', '39', '2022-01-30 18:33:34');
INSERT INTO `tb_score` VALUES ('817', '55', 'CBT', '57', '2022-01-14 09:18:10');
INSERT INTO `tb_score` VALUES ('818', '55', 'Flume', '25', '2022-03-29 02:14:40');
INSERT INTO `tb_score` VALUES ('819', '55', 'Hive', '74', '2022-06-12 02:55:28');
INSERT INTO `tb_score` VALUES ('820', '55', 'Kafka', '59', '2022-03-06 04:13:11');
INSERT INTO `tb_score` VALUES ('821', '55', 'Linux', '67', '2022-12-17 01:15:01');
INSERT INTO `tb_score` VALUES ('822', '55', 'Spark', '66', '2022-12-09 22:12:59');
INSERT INTO `tb_score` VALUES ('823', '55', 'HBase', '88', '2022-10-09 03:41:06');
INSERT INTO `tb_score` VALUES ('824', '55', 'JavaWeb', '27', '2022-10-20 08:39:40');
INSERT INTO `tb_score` VALUES ('825', '55', 'JavaAdvance', '27', '2022-08-28 19:14:03');
INSERT INTO `tb_score` VALUES ('826', '56', 'Html', '33', '2022-04-01 00:42:25');
INSERT INTO `tb_score` VALUES ('827', '56', 'MySQL', '70', '2022-09-12 11:16:40');
INSERT INTO `tb_score` VALUES ('828', '56', 'Java', '21', '2022-02-23 13:01:45');
INSERT INTO `tb_score` VALUES ('829', '56', 'Hadoop', '32', '2022-03-18 15:46:55');
INSERT INTO `tb_score` VALUES ('830', '56', 'Javascript', '52', '2022-03-25 07:46:37');
INSERT INTO `tb_score` VALUES ('831', '56', 'PS', '33', '2022-11-07 00:50:45');
INSERT INTO `tb_score` VALUES ('832', '56', 'CBT', '52', '2022-03-03 03:04:03');
INSERT INTO `tb_score` VALUES ('833', '56', 'Flume', '47', '2022-10-13 00:12:20');
INSERT INTO `tb_score` VALUES ('834', '56', 'Hive', '55', '2022-10-29 01:05:24');
INSERT INTO `tb_score` VALUES ('835', '56', 'Kafka', '96', '2022-03-23 18:20:01');
INSERT INTO `tb_score` VALUES ('836', '56', 'Linux', '29', '2022-09-12 18:46:13');
INSERT INTO `tb_score` VALUES ('837', '56', 'Spark', '50', '2022-06-06 09:47:43');
INSERT INTO `tb_score` VALUES ('838', '56', 'HBase', '82', '2022-02-19 19:40:02');
INSERT INTO `tb_score` VALUES ('839', '56', 'JavaWeb', '53', '2022-08-27 17:00:36');
INSERT INTO `tb_score` VALUES ('840', '56', 'JavaAdvance', '80', '2022-06-30 07:42:46');
INSERT INTO `tb_score` VALUES ('841', '57', 'Html', '101', '2022-05-07 15:55:35');
INSERT INTO `tb_score` VALUES ('842', '57', 'MySQL', '51', '2022-09-15 03:21:01');
INSERT INTO `tb_score` VALUES ('843', '57', 'Java', '38', '2022-09-11 14:22:36');
INSERT INTO `tb_score` VALUES ('844', '57', 'Hadoop', '45', '2022-11-08 01:51:59');
INSERT INTO `tb_score` VALUES ('845', '57', 'Javascript', '85', '2022-06-23 13:22:36');
INSERT INTO `tb_score` VALUES ('846', '57', 'PS', '90', '2022-10-19 06:34:34');
INSERT INTO `tb_score` VALUES ('847', '57', 'CBT', '100', '2022-02-01 09:28:56');
INSERT INTO `tb_score` VALUES ('848', '57', 'Flume', '25', '2022-05-18 15:44:04');
INSERT INTO `tb_score` VALUES ('849', '57', 'Hive', '88', '2022-01-22 23:08:41');
INSERT INTO `tb_score` VALUES ('850', '57', 'Kafka', '29', '2022-02-15 01:26:26');
INSERT INTO `tb_score` VALUES ('851', '57', 'Linux', '97', '2022-09-04 23:24:57');
INSERT INTO `tb_score` VALUES ('852', '57', 'Spark', '35', '2022-05-17 03:17:01');
INSERT INTO `tb_score` VALUES ('853', '57', 'HBase', '45', '2022-12-10 15:00:38');
INSERT INTO `tb_score` VALUES ('854', '57', 'JavaWeb', '75', '2022-09-08 19:11:41');
INSERT INTO `tb_score` VALUES ('855', '57', 'JavaAdvance', '79', '2022-02-10 23:52:56');
INSERT INTO `tb_score` VALUES ('856', '58', 'Html', '38', '2022-01-11 03:27:45');
INSERT INTO `tb_score` VALUES ('857', '58', 'MySQL', '36', '2022-07-13 11:15:11');
INSERT INTO `tb_score` VALUES ('858', '58', 'Java', '33', '2022-11-12 13:15:59');
INSERT INTO `tb_score` VALUES ('859', '58', 'Hadoop', '31', '2022-01-13 22:00:37');
INSERT INTO `tb_score` VALUES ('860', '58', 'Javascript', '33', '2022-01-28 17:24:07');
INSERT INTO `tb_score` VALUES ('861', '58', 'PS', '88', '2022-07-30 08:35:14');
INSERT INTO `tb_score` VALUES ('862', '58', 'CBT', '67', '2022-01-11 12:25:15');
INSERT INTO `tb_score` VALUES ('863', '58', 'Flume', '28', '2022-07-25 12:35:53');
INSERT INTO `tb_score` VALUES ('864', '58', 'Hive', '43', '2022-12-08 11:55:10');
INSERT INTO `tb_score` VALUES ('865', '58', 'Kafka', '83', '2022-07-19 14:26:44');
INSERT INTO `tb_score` VALUES ('866', '58', 'Linux', '90', '2022-11-25 07:58:11');
INSERT INTO `tb_score` VALUES ('867', '58', 'Spark', '52', '2022-01-17 13:15:36');
INSERT INTO `tb_score` VALUES ('868', '58', 'HBase', '36', '2022-08-25 07:17:22');
INSERT INTO `tb_score` VALUES ('869', '58', 'JavaWeb', '29', '2022-11-28 04:43:26');
INSERT INTO `tb_score` VALUES ('870', '58', 'JavaAdvance', '66', '2022-10-27 12:00:06');
INSERT INTO `tb_score` VALUES ('871', '59', 'Html', '71', '2022-08-28 23:10:09');
INSERT INTO `tb_score` VALUES ('872', '59', 'MySQL', '63', '2022-11-26 20:53:42');
INSERT INTO `tb_score` VALUES ('873', '59', 'Java', '99', '2022-09-17 21:59:16');
INSERT INTO `tb_score` VALUES ('874', '59', 'Hadoop', '93', '2022-03-31 02:24:42');
INSERT INTO `tb_score` VALUES ('875', '59', 'Javascript', '98', '2022-01-15 07:35:57');
INSERT INTO `tb_score` VALUES ('876', '59', 'PS', '50', '2022-10-12 04:59:43');
INSERT INTO `tb_score` VALUES ('877', '59', 'CBT', '37', '2022-02-15 02:37:10');
INSERT INTO `tb_score` VALUES ('878', '59', 'Flume', '56', '2022-05-23 21:39:04');
INSERT INTO `tb_score` VALUES ('879', '59', 'Hive', '37', '2022-08-26 08:49:38');
INSERT INTO `tb_score` VALUES ('880', '59', 'Kafka', '49', '2022-09-25 18:25:58');
INSERT INTO `tb_score` VALUES ('881', '59', 'Linux', '98', '2022-10-17 09:11:52');
INSERT INTO `tb_score` VALUES ('882', '59', 'Spark', '93', '2022-01-19 11:03:31');
INSERT INTO `tb_score` VALUES ('883', '59', 'HBase', '89', '2022-01-23 17:38:16');
INSERT INTO `tb_score` VALUES ('884', '59', 'JavaWeb', '54', '2022-12-13 10:36:36');
INSERT INTO `tb_score` VALUES ('885', '59', 'JavaAdvance', '64', '2022-01-13 19:49:45');
INSERT INTO `tb_score` VALUES ('886', '60', 'Html', '42', '2022-06-02 14:52:51');
INSERT INTO `tb_score` VALUES ('887', '60', 'MySQL', '82', '2022-01-31 16:25:47');
INSERT INTO `tb_score` VALUES ('888', '60', 'Java', '29', '2022-01-30 20:58:10');
INSERT INTO `tb_score` VALUES ('889', '60', 'Hadoop', '61', '2022-09-16 07:58:14');
INSERT INTO `tb_score` VALUES ('890', '60', 'Javascript', '35', '2022-07-04 01:44:43');
INSERT INTO `tb_score` VALUES ('891', '60', 'PS', '57', '2022-10-29 17:05:31');
INSERT INTO `tb_score` VALUES ('892', '60', 'CBT', '21', '2022-07-16 09:57:24');
INSERT INTO `tb_score` VALUES ('893', '60', 'Flume', '70', '2022-03-06 05:04:35');
INSERT INTO `tb_score` VALUES ('894', '60', 'Hive', '27', '2022-11-28 07:04:19');
INSERT INTO `tb_score` VALUES ('895', '60', 'Kafka', '38', '2022-06-08 21:18:37');
INSERT INTO `tb_score` VALUES ('896', '60', 'Linux', '38', '2022-02-04 08:14:05');
INSERT INTO `tb_score` VALUES ('897', '60', 'Spark', '24', '2022-01-11 13:14:44');
INSERT INTO `tb_score` VALUES ('898', '60', 'HBase', '41', '2022-07-19 00:25:02');
INSERT INTO `tb_score` VALUES ('899', '60', 'JavaWeb', '95', '2022-06-26 01:37:08');
INSERT INTO `tb_score` VALUES ('900', '60', 'JavaAdvance', '58', '2022-03-24 04:48:55');
INSERT INTO `tb_score` VALUES ('901', '61', 'Html', '76', '2022-10-03 13:13:31');
INSERT INTO `tb_score` VALUES ('902', '61', 'MySQL', '67', '2022-06-10 16:49:12');
INSERT INTO `tb_score` VALUES ('916', '62', 'Html', '97', '2022-01-16 14:10:44');
INSERT INTO `tb_score` VALUES ('917', '62', 'MySQL', '61', '2022-03-21 08:28:00');
INSERT INTO `tb_score` VALUES ('918', '62', 'Java', '60', '2022-07-14 00:18:45');
INSERT INTO `tb_score` VALUES ('919', '62', 'Hadoop', '58', '2022-02-20 13:49:31');
INSERT INTO `tb_score` VALUES ('920', '62', 'Javascript', '62', '2022-06-13 01:04:54');
INSERT INTO `tb_score` VALUES ('921', '62', 'PS', '59', '2022-07-17 15:17:35');
INSERT INTO `tb_score` VALUES ('922', '62', 'CBT', '47', '2022-05-09 06:54:07');
INSERT INTO `tb_score` VALUES ('923', '62', 'Flume', '69', '2022-06-01 22:23:30');
INSERT INTO `tb_score` VALUES ('924', '62', 'Hive', '20', '2022-08-03 23:42:26');
INSERT INTO `tb_score` VALUES ('925', '62', 'Kafka', '44', '2022-03-10 21:49:55');
INSERT INTO `tb_score` VALUES ('926', '62', 'Linux', '27', '2022-05-30 07:10:24');
INSERT INTO `tb_score` VALUES ('927', '62', 'Spark', '87', '2022-02-11 23:00:02');
INSERT INTO `tb_score` VALUES ('928', '62', 'HBase', '70', '2022-10-15 07:58:05');
INSERT INTO `tb_score` VALUES ('929', '62', 'JavaWeb', '63', '2022-10-13 07:45:39');
INSERT INTO `tb_score` VALUES ('930', '62', 'JavaAdvance', '29', '2022-02-21 07:52:01');
INSERT INTO `tb_score` VALUES ('931', '63', 'Html', '21', '2022-06-28 03:27:12');
INSERT INTO `tb_score` VALUES ('932', '63', 'MySQL', '77', '2022-02-16 20:51:07');
INSERT INTO `tb_score` VALUES ('933', '63', 'Java', '24', '2022-04-28 07:56:52');
INSERT INTO `tb_score` VALUES ('934', '63', 'Hadoop', '69', '2022-09-02 12:25:08');
INSERT INTO `tb_score` VALUES ('935', '63', 'Javascript', '36', '2022-04-16 10:33:29');
INSERT INTO `tb_score` VALUES ('936', '63', 'PS', '44', '2022-05-28 13:52:13');
INSERT INTO `tb_score` VALUES ('937', '63', 'CBT', '26', '2022-02-15 17:23:30');
INSERT INTO `tb_score` VALUES ('938', '63', 'Flume', '34', '2022-05-10 23:44:29');
INSERT INTO `tb_score` VALUES ('939', '63', 'Hive', '50', '2022-04-06 10:36:18');
INSERT INTO `tb_score` VALUES ('940', '63', 'Kafka', '94', '2022-12-10 13:48:56');
INSERT INTO `tb_score` VALUES ('941', '63', 'Linux', '74', '2022-08-21 18:17:09');
INSERT INTO `tb_score` VALUES ('942', '63', 'Spark', '46', '2022-05-31 00:00:12');
INSERT INTO `tb_score` VALUES ('943', '63', 'HBase', '91', '2022-05-10 08:31:21');
INSERT INTO `tb_score` VALUES ('944', '63', 'JavaWeb', '80', '2022-06-16 13:38:52');
INSERT INTO `tb_score` VALUES ('945', '63', 'JavaAdvance', '54', '2022-09-14 17:11:28');
INSERT INTO `tb_score` VALUES ('946', '64', 'Html', '70', '2022-09-11 15:17:05');
INSERT INTO `tb_score` VALUES ('947', '64', 'MySQL', '36', '2022-06-11 07:23:50');
INSERT INTO `tb_score` VALUES ('948', '64', 'Java', '26', '2022-01-22 08:07:26');
INSERT INTO `tb_score` VALUES ('949', '64', 'Hadoop', '98', '2022-09-12 04:56:08');
INSERT INTO `tb_score` VALUES ('950', '64', 'Javascript', '36', '2022-01-10 13:52:19');
INSERT INTO `tb_score` VALUES ('951', '64', 'PS', '99', '2022-05-15 05:06:01');
INSERT INTO `tb_score` VALUES ('952', '64', 'CBT', '76', '2022-09-12 18:52:33');
INSERT INTO `tb_score` VALUES ('953', '64', 'Flume', '89', '2022-05-27 23:17:13');
INSERT INTO `tb_score` VALUES ('954', '64', 'Hive', '71', '2022-07-10 17:15:47');
INSERT INTO `tb_score` VALUES ('955', '64', 'Kafka', '29', '2022-01-17 21:06:18');
INSERT INTO `tb_score` VALUES ('956', '64', 'Linux', '96', '2022-01-25 23:24:52');
INSERT INTO `tb_score` VALUES ('957', '64', 'Spark', '97', '2022-12-16 00:36:20');
INSERT INTO `tb_score` VALUES ('958', '64', 'HBase', '53', '2022-04-14 05:30:19');
INSERT INTO `tb_score` VALUES ('959', '64', 'JavaWeb', '29', '2022-03-09 01:08:38');
INSERT INTO `tb_score` VALUES ('960', '64', 'JavaAdvance', '86', '2022-07-20 05:57:39');
INSERT INTO `tb_score` VALUES ('961', '65', 'Html', '32', '2022-06-21 22:59:26');
INSERT INTO `tb_score` VALUES ('962', '65', 'MySQL', '85', '2022-07-13 17:55:00');
INSERT INTO `tb_score` VALUES ('963', '65', 'Java', '55', '2022-04-01 04:55:54');
INSERT INTO `tb_score` VALUES ('964', '65', 'Hadoop', '95', '2022-01-07 17:55:23');
INSERT INTO `tb_score` VALUES ('965', '65', 'Javascript', '32', '2022-05-23 05:56:24');
INSERT INTO `tb_score` VALUES ('966', '65', 'PS', '96', '2022-05-31 01:04:36');
INSERT INTO `tb_score` VALUES ('967', '65', 'CBT', '92', '2022-02-10 20:56:39');
INSERT INTO `tb_score` VALUES ('968', '65', 'Flume', '71', '2022-05-10 00:57:03');
INSERT INTO `tb_score` VALUES ('969', '65', 'Hive', '84', '2022-02-01 04:09:30');
INSERT INTO `tb_score` VALUES ('970', '65', 'Kafka', '81', '2022-05-31 10:46:54');
INSERT INTO `tb_score` VALUES ('971', '65', 'Linux', '25', '2022-07-13 14:27:16');
INSERT INTO `tb_score` VALUES ('972', '65', 'Spark', '55', '2022-04-06 17:31:19');
INSERT INTO `tb_score` VALUES ('973', '65', 'HBase', '57', '2022-12-11 18:52:40');
INSERT INTO `tb_score` VALUES ('974', '65', 'JavaWeb', '63', '2022-08-08 01:43:29');
INSERT INTO `tb_score` VALUES ('975', '65', 'JavaAdvance', '84', '2022-03-03 08:02:47');
INSERT INTO `tb_score` VALUES ('976', '66', 'Html', '49', '2022-07-21 15:51:10');
INSERT INTO `tb_score` VALUES ('977', '66', 'MySQL', '66', '2022-04-08 11:14:52');
INSERT INTO `tb_score` VALUES ('978', '66', 'Java', '50', '2022-05-30 12:15:17');
INSERT INTO `tb_score` VALUES ('979', '66', 'Hadoop', '77', '2022-05-17 20:07:27');
INSERT INTO `tb_score` VALUES ('980', '66', 'Javascript', '77', '2022-11-20 20:39:46');
INSERT INTO `tb_score` VALUES ('981', '66', 'PS', '75', '2022-11-09 09:58:54');
INSERT INTO `tb_score` VALUES ('982', '66', 'CBT', '38', '2022-07-16 19:19:24');
INSERT INTO `tb_score` VALUES ('983', '66', 'Flume', '80', '2022-12-22 10:54:08');
INSERT INTO `tb_score` VALUES ('984', '66', 'Hive', '95', '2022-10-09 03:42:01');
INSERT INTO `tb_score` VALUES ('985', '66', 'Kafka', '41', '2022-07-30 13:54:33');
INSERT INTO `tb_score` VALUES ('986', '66', 'Linux', '87', '2022-07-11 12:44:23');
INSERT INTO `tb_score` VALUES ('987', '66', 'Spark', '54', '2022-05-15 16:15:50');
INSERT INTO `tb_score` VALUES ('988', '66', 'HBase', '69', '2022-03-25 13:12:10');
INSERT INTO `tb_score` VALUES ('989', '66', 'JavaWeb', '22', '2022-05-06 03:47:11');
INSERT INTO `tb_score` VALUES ('990', '66', 'JavaAdvance', '52', '2022-12-05 15:39:16');
INSERT INTO `tb_score` VALUES ('991', '67', 'Html', '91', '2022-12-06 01:45:19');
INSERT INTO `tb_score` VALUES ('992', '67', 'MySQL', '66', '2022-07-11 17:34:49');
INSERT INTO `tb_score` VALUES ('993', '67', 'Java', '31', '2022-03-07 12:32:05');
INSERT INTO `tb_score` VALUES ('994', '67', 'Hadoop', '33', '2022-03-16 18:07:23');
INSERT INTO `tb_score` VALUES ('995', '67', 'Javascript', '47', '2022-06-12 06:42:51');
INSERT INTO `tb_score` VALUES ('996', '67', 'PS', '34', '2022-02-01 16:41:36');
INSERT INTO `tb_score` VALUES ('997', '67', 'CBT', '80', '2022-02-18 20:53:24');
INSERT INTO `tb_score` VALUES ('998', '67', 'Flume', '41', '2022-09-22 00:25:56');
INSERT INTO `tb_score` VALUES ('999', '67', 'Hive', '44', '2022-11-23 02:32:56');
INSERT INTO `tb_score` VALUES ('1000', '67', 'Kafka', '45', '2022-07-06 10:54:05');
INSERT INTO `tb_score` VALUES ('1001', '67', 'Linux', '70', '2022-02-03 06:12:48');
INSERT INTO `tb_score` VALUES ('1002', '67', 'Spark', '52', '2022-05-01 05:13:08');
INSERT INTO `tb_score` VALUES ('1003', '67', 'HBase', '85', '2022-11-11 23:16:58');
INSERT INTO `tb_score` VALUES ('1004', '67', 'JavaWeb', '58', '2022-03-07 08:32:21');
INSERT INTO `tb_score` VALUES ('1005', '67', 'JavaAdvance', '20', '2022-04-13 12:57:49');
INSERT INTO `tb_score` VALUES ('1006', '68', 'Html', '56', '2022-04-10 01:39:57');
INSERT INTO `tb_score` VALUES ('1007', '68', 'MySQL', '32', '2022-10-06 10:50:20');
INSERT INTO `tb_score` VALUES ('1008', '68', 'Java', '63', '2022-02-06 09:52:39');
INSERT INTO `tb_score` VALUES ('1009', '68', 'Hadoop', '58', '2022-03-28 02:38:38');
INSERT INTO `tb_score` VALUES ('1010', '68', 'Javascript', '25', '2022-04-22 18:24:07');
INSERT INTO `tb_score` VALUES ('1011', '68', 'PS', '40', '2022-03-31 21:35:00');
INSERT INTO `tb_score` VALUES ('1012', '68', 'CBT', '23', '2022-07-07 04:48:15');
INSERT INTO `tb_score` VALUES ('1013', '68', 'Flume', '64', '2022-03-14 19:15:25');
INSERT INTO `tb_score` VALUES ('1014', '68', 'Hive', '40', '2022-09-12 21:48:32');
INSERT INTO `tb_score` VALUES ('1015', '68', 'Kafka', '54', '2022-01-18 19:54:49');
INSERT INTO `tb_score` VALUES ('1016', '68', 'Linux', '87', '2022-03-12 07:59:45');
INSERT INTO `tb_score` VALUES ('1017', '68', 'Spark', '48', '2022-10-04 23:38:59');
INSERT INTO `tb_score` VALUES ('1018', '68', 'HBase', '68', '2022-05-13 00:06:36');
INSERT INTO `tb_score` VALUES ('1019', '68', 'JavaWeb', '52', '2022-02-12 16:24:20');
INSERT INTO `tb_score` VALUES ('1020', '68', 'JavaAdvance', '57', '2022-01-06 01:33:59');
INSERT INTO `tb_score` VALUES ('1021', '69', 'Html', '42', '2022-12-02 14:18:36');
INSERT INTO `tb_score` VALUES ('1022', '69', 'MySQL', '89', '2022-08-24 01:24:25');
INSERT INTO `tb_score` VALUES ('1023', '69', 'Java', '88', '2022-07-07 09:10:13');
INSERT INTO `tb_score` VALUES ('1024', '69', 'Hadoop', '49', '2022-06-20 04:48:56');
INSERT INTO `tb_score` VALUES ('1025', '69', 'Javascript', '82', '2022-02-06 04:40:05');
INSERT INTO `tb_score` VALUES ('1026', '69', 'PS', '99', '2022-06-25 22:23:22');
INSERT INTO `tb_score` VALUES ('1027', '69', 'CBT', '56', '2022-09-02 23:20:19');
INSERT INTO `tb_score` VALUES ('1028', '69', 'Flume', '46', '2022-01-09 01:29:36');
INSERT INTO `tb_score` VALUES ('1029', '69', 'Hive', '26', '2022-10-12 19:55:22');
INSERT INTO `tb_score` VALUES ('1030', '69', 'Kafka', '20', '2022-09-27 03:55:22');
INSERT INTO `tb_score` VALUES ('1031', '69', 'Linux', '57', '2022-11-30 20:04:18');
INSERT INTO `tb_score` VALUES ('1032', '69', 'Spark', '42', '2022-04-29 14:33:16');
INSERT INTO `tb_score` VALUES ('1033', '69', 'HBase', '69', '2022-04-28 17:30:29');
INSERT INTO `tb_score` VALUES ('1034', '69', 'JavaWeb', '23', '2022-06-12 01:12:14');
INSERT INTO `tb_score` VALUES ('1035', '69', 'JavaAdvance', '60', '2022-01-20 17:12:53');
INSERT INTO `tb_score` VALUES ('1036', '70', 'Html', '42', '2022-08-28 21:40:39');
INSERT INTO `tb_score` VALUES ('1037', '70', 'MySQL', '41', '2022-03-29 18:58:17');
INSERT INTO `tb_score` VALUES ('1038', '70', 'Java', '37', '2022-11-30 01:45:52');
INSERT INTO `tb_score` VALUES ('1039', '70', 'Hadoop', '55', '2022-05-31 17:01:19');
INSERT INTO `tb_score` VALUES ('1040', '70', 'Javascript', '22', '2022-07-05 08:13:57');
INSERT INTO `tb_score` VALUES ('1041', '70', 'PS', '96', '2022-03-06 09:40:05');
INSERT INTO `tb_score` VALUES ('1042', '70', 'CBT', '63', '2022-07-01 16:16:25');
INSERT INTO `tb_score` VALUES ('1043', '70', 'Flume', '53', '2022-06-23 22:55:41');
INSERT INTO `tb_score` VALUES ('1044', '70', 'Hive', '46', '2022-09-10 17:06:08');
INSERT INTO `tb_score` VALUES ('1045', '70', 'Kafka', '89', '2022-01-27 01:17:03');
INSERT INTO `tb_score` VALUES ('1046', '70', 'Linux', '51', '2022-03-09 16:47:51');
INSERT INTO `tb_score` VALUES ('1047', '70', 'Spark', '38', '2022-02-22 07:52:58');
INSERT INTO `tb_score` VALUES ('1048', '70', 'HBase', '50', '2022-08-13 16:22:10');
INSERT INTO `tb_score` VALUES ('1049', '70', 'JavaWeb', '62', '2022-05-23 11:11:20');
INSERT INTO `tb_score` VALUES ('1050', '70', 'JavaAdvance', '35', '2022-07-17 13:24:24');
INSERT INTO `tb_score` VALUES ('1051', '71', 'Html', '42', '2022-06-19 09:01:10');
INSERT INTO `tb_score` VALUES ('1052', '71', 'MySQL', '33', '2022-10-31 17:18:15');
INSERT INTO `tb_score` VALUES ('1053', '71', 'Java', '46', '2022-04-08 01:22:26');
INSERT INTO `tb_score` VALUES ('1054', '71', 'Hadoop', '33', '2022-04-07 21:31:36');
INSERT INTO `tb_score` VALUES ('1055', '71', 'Javascript', '26', '2022-01-02 02:09:05');
INSERT INTO `tb_score` VALUES ('1056', '71', 'PS', '57', '2022-12-30 02:28:04');
INSERT INTO `tb_score` VALUES ('1057', '71', 'CBT', '64', '2022-12-21 03:04:23');
INSERT INTO `tb_score` VALUES ('1058', '71', 'Flume', '22', '2022-11-09 22:00:10');
INSERT INTO `tb_score` VALUES ('1059', '71', 'Hive', '90', '2022-01-03 13:04:47');
INSERT INTO `tb_score` VALUES ('1060', '71', 'Kafka', '74', '2022-07-17 15:29:53');
INSERT INTO `tb_score` VALUES ('1061', '71', 'Linux', '70', '2022-09-28 11:35:45');
INSERT INTO `tb_score` VALUES ('1062', '71', 'Spark', '41', '2022-01-07 18:11:52');
INSERT INTO `tb_score` VALUES ('1063', '71', 'HBase', '93', '2022-08-30 20:21:07');
INSERT INTO `tb_score` VALUES ('1064', '71', 'JavaWeb', '20', '2022-05-02 04:32:09');
INSERT INTO `tb_score` VALUES ('1065', '71', 'JavaAdvance', '29', '2022-09-09 06:34:50');
INSERT INTO `tb_score` VALUES ('1066', '72', 'Html', '60', '2022-10-12 14:23:34');
INSERT INTO `tb_score` VALUES ('1067', '72', 'MySQL', '71', '2022-11-01 00:59:22');
INSERT INTO `tb_score` VALUES ('1068', '72', 'Java', '57', '2022-03-06 12:36:33');
INSERT INTO `tb_score` VALUES ('1069', '72', 'Hadoop', '27', '2022-10-19 11:25:47');
INSERT INTO `tb_score` VALUES ('1070', '72', 'Javascript', '71', '2022-04-01 14:37:31');
INSERT INTO `tb_score` VALUES ('1071', '72', 'PS', '56', '2022-12-19 23:11:36');
INSERT INTO `tb_score` VALUES ('1072', '72', 'CBT', '68', '2022-09-02 16:32:43');
INSERT INTO `tb_score` VALUES ('1073', '72', 'Flume', '80', '2022-08-21 18:49:25');
INSERT INTO `tb_score` VALUES ('1074', '72', 'Hive', '42', '2022-12-28 04:51:47');
INSERT INTO `tb_score` VALUES ('1075', '72', 'Kafka', '57', '2022-10-25 03:13:47');
INSERT INTO `tb_score` VALUES ('1076', '72', 'Linux', '77', '2022-07-29 17:51:28');
INSERT INTO `tb_score` VALUES ('1077', '72', 'Spark', '39', '2022-08-10 21:30:40');
INSERT INTO `tb_score` VALUES ('1078', '72', 'HBase', '85', '2022-09-09 19:11:10');
INSERT INTO `tb_score` VALUES ('1079', '72', 'JavaWeb', '73', '2022-08-04 09:49:14');
INSERT INTO `tb_score` VALUES ('1080', '72', 'JavaAdvance', '97', '2022-11-29 09:57:54');
INSERT INTO `tb_score` VALUES ('1081', '73', 'Html', '97', '2022-07-14 11:23:51');
INSERT INTO `tb_score` VALUES ('1082', '73', 'MySQL', '52', '2022-02-20 11:34:03');
INSERT INTO `tb_score` VALUES ('1083', '73', 'Java', '90', '2022-12-10 15:45:48');
INSERT INTO `tb_score` VALUES ('1084', '73', 'Hadoop', '66', '2022-05-22 20:54:39');
INSERT INTO `tb_score` VALUES ('1085', '73', 'Javascript', '98', '2022-03-16 14:51:30');
INSERT INTO `tb_score` VALUES ('1086', '73', 'PS', '90', '2022-09-18 20:54:44');
INSERT INTO `tb_score` VALUES ('1087', '73', 'CBT', '58', '2022-09-23 23:14:05');
INSERT INTO `tb_score` VALUES ('1088', '73', 'Flume', '49', '2022-12-24 11:54:47');
INSERT INTO `tb_score` VALUES ('1089', '73', 'Hive', '90', '2022-11-22 14:27:38');
INSERT INTO `tb_score` VALUES ('1090', '73', 'Kafka', '53', '2022-11-06 05:49:14');
INSERT INTO `tb_score` VALUES ('1091', '73', 'Linux', '74', '2022-11-05 19:09:11');
INSERT INTO `tb_score` VALUES ('1092', '73', 'Spark', '96', '2022-04-03 14:57:52');
INSERT INTO `tb_score` VALUES ('1093', '73', 'HBase', '47', '2022-10-01 15:49:08');
INSERT INTO `tb_score` VALUES ('1094', '73', 'JavaWeb', '45', '2022-03-16 00:31:16');
INSERT INTO `tb_score` VALUES ('1095', '73', 'JavaAdvance', '64', '2022-02-22 04:25:38');
INSERT INTO `tb_score` VALUES ('1096', '74', 'Html', '23', '2022-10-23 21:50:32');
INSERT INTO `tb_score` VALUES ('1097', '74', 'MySQL', '62', '2022-11-28 14:56:43');
INSERT INTO `tb_score` VALUES ('1098', '74', 'Java', '24', '2022-03-16 04:43:55');
INSERT INTO `tb_score` VALUES ('1099', '74', 'Hadoop', '97', '2022-08-14 19:38:58');
INSERT INTO `tb_score` VALUES ('1100', '74', 'Javascript', '97', '2022-07-20 08:28:47');
INSERT INTO `tb_score` VALUES ('1101', '74', 'PS', '97', '2022-07-27 18:27:21');
INSERT INTO `tb_score` VALUES ('1102', '74', 'CBT', '78', '2022-09-26 20:30:12');
INSERT INTO `tb_score` VALUES ('1103', '74', 'Flume', '23', '2022-01-13 00:00:42');
INSERT INTO `tb_score` VALUES ('1104', '74', 'Hive', '101', '2022-09-11 21:34:01');
INSERT INTO `tb_score` VALUES ('1105', '74', 'Kafka', '31', '2022-03-08 10:19:41');
INSERT INTO `tb_score` VALUES ('1106', '74', 'Linux', '94', '2022-07-05 19:24:44');
INSERT INTO `tb_score` VALUES ('1107', '74', 'Spark', '32', '2022-08-21 05:27:39');
INSERT INTO `tb_score` VALUES ('1108', '74', 'HBase', '93', '2022-08-12 21:25:06');
INSERT INTO `tb_score` VALUES ('1109', '74', 'JavaWeb', '37', '2022-02-15 01:55:42');
INSERT INTO `tb_score` VALUES ('1110', '74', 'JavaAdvance', '65', '2022-04-10 20:44:03');
INSERT INTO `tb_score` VALUES ('1111', '75', 'Html', '86', '2022-02-15 04:42:24');
INSERT INTO `tb_score` VALUES ('1112', '75', 'MySQL', '40', '2022-01-24 03:18:24');
INSERT INTO `tb_score` VALUES ('1113', '75', 'Java', '79', '2022-04-08 10:18:36');
INSERT INTO `tb_score` VALUES ('1114', '75', 'Hadoop', '100', '2022-08-18 20:05:21');
INSERT INTO `tb_score` VALUES ('1115', '75', 'Javascript', '77', '2022-06-25 02:21:26');
INSERT INTO `tb_score` VALUES ('1116', '75', 'PS', '33', '2022-01-26 07:41:04');
INSERT INTO `tb_score` VALUES ('1117', '75', 'CBT', '61', '2022-02-28 17:42:55');
INSERT INTO `tb_score` VALUES ('1118', '75', 'Flume', '91', '2022-04-08 13:41:02');
INSERT INTO `tb_score` VALUES ('1119', '75', 'Hive', '27', '2022-12-01 21:18:20');
INSERT INTO `tb_score` VALUES ('1120', '75', 'Kafka', '52', '2022-11-16 10:05:29');
INSERT INTO `tb_score` VALUES ('1121', '75', 'Linux', '57', '2022-10-28 02:18:32');
INSERT INTO `tb_score` VALUES ('1122', '75', 'Spark', '88', '2022-09-03 04:00:02');
INSERT INTO `tb_score` VALUES ('1123', '75', 'HBase', '20', '2022-02-03 00:23:10');
INSERT INTO `tb_score` VALUES ('1124', '75', 'JavaWeb', '36', '2022-09-30 02:14:12');
INSERT INTO `tb_score` VALUES ('1125', '75', 'JavaAdvance', '70', '2022-07-10 13:07:10');
INSERT INTO `tb_score` VALUES ('1126', '76', 'Html', '60', '2022-04-06 11:29:36');
INSERT INTO `tb_score` VALUES ('1127', '76', 'MySQL', '43', '2022-03-06 07:55:29');
INSERT INTO `tb_score` VALUES ('1128', '76', 'Java', '30', '2022-02-12 19:14:08');
INSERT INTO `tb_score` VALUES ('1129', '76', 'Hadoop', '93', '2022-07-12 17:03:01');
INSERT INTO `tb_score` VALUES ('1130', '76', 'Javascript', '30', '2022-02-12 03:31:56');
INSERT INTO `tb_score` VALUES ('1131', '76', 'PS', '23', '2022-01-29 17:40:28');
INSERT INTO `tb_score` VALUES ('1132', '76', 'CBT', '68', '2022-04-11 10:35:47');
INSERT INTO `tb_score` VALUES ('1133', '76', 'Flume', '73', '2022-02-06 15:35:12');
INSERT INTO `tb_score` VALUES ('1134', '76', 'Hive', '97', '2022-10-28 02:57:09');
INSERT INTO `tb_score` VALUES ('1135', '76', 'Kafka', '86', '2022-06-21 06:55:41');
INSERT INTO `tb_score` VALUES ('1136', '76', 'Linux', '46', '2022-10-09 13:30:51');
INSERT INTO `tb_score` VALUES ('1137', '76', 'Spark', '57', '2022-07-29 11:00:44');
INSERT INTO `tb_score` VALUES ('1138', '76', 'HBase', '50', '2022-09-19 12:37:25');
INSERT INTO `tb_score` VALUES ('1139', '76', 'JavaWeb', '99', '2022-11-26 06:32:45');
INSERT INTO `tb_score` VALUES ('1140', '76', 'JavaAdvance', '34', '2022-12-23 12:21:04');
INSERT INTO `tb_score` VALUES ('1141', '77', 'Html', '40', '2022-10-06 07:43:24');
INSERT INTO `tb_score` VALUES ('1142', '77', 'MySQL', '86', '2022-12-15 05:15:22');
INSERT INTO `tb_score` VALUES ('1143', '77', 'Java', '70', '2022-01-30 20:44:16');
INSERT INTO `tb_score` VALUES ('1144', '77', 'Hadoop', '41', '2022-12-20 21:48:57');
INSERT INTO `tb_score` VALUES ('1145', '77', 'Javascript', '70', '2022-03-13 20:47:28');
INSERT INTO `tb_score` VALUES ('1146', '77', 'PS', '50', '2022-11-17 19:11:06');
INSERT INTO `tb_score` VALUES ('1147', '77', 'CBT', '100', '2022-05-20 21:12:02');
INSERT INTO `tb_score` VALUES ('1148', '77', 'Flume', '34', '2022-06-01 23:21:16');
INSERT INTO `tb_score` VALUES ('1149', '77', 'Hive', '31', '2022-01-03 15:38:57');
INSERT INTO `tb_score` VALUES ('1150', '77', 'Kafka', '93', '2022-11-15 00:56:47');
INSERT INTO `tb_score` VALUES ('1151', '77', 'Linux', '66', '2022-05-11 03:22:27');
INSERT INTO `tb_score` VALUES ('1152', '77', 'Spark', '62', '2022-08-25 14:14:42');
INSERT INTO `tb_score` VALUES ('1153', '77', 'HBase', '71', '2022-01-18 07:05:53');
INSERT INTO `tb_score` VALUES ('1154', '77', 'JavaWeb', '28', '2022-08-09 13:00:33');
INSERT INTO `tb_score` VALUES ('1155', '77', 'JavaAdvance', '49', '2022-04-11 14:15:51');
INSERT INTO `tb_score` VALUES ('1156', '78', 'Html', '37', '2022-04-11 21:32:44');
INSERT INTO `tb_score` VALUES ('1157', '78', 'MySQL', '88', '2022-06-27 16:54:15');
INSERT INTO `tb_score` VALUES ('1158', '78', 'Java', '60', '2022-04-06 07:32:21');
INSERT INTO `tb_score` VALUES ('1159', '78', 'Hadoop', '44', '2022-03-29 00:50:13');
INSERT INTO `tb_score` VALUES ('1160', '78', 'Javascript', '27', '2022-09-17 09:58:12');
INSERT INTO `tb_score` VALUES ('1161', '78', 'PS', '52', '2022-09-26 07:03:03');
INSERT INTO `tb_score` VALUES ('1162', '78', 'CBT', '96', '2022-01-18 03:01:46');
INSERT INTO `tb_score` VALUES ('1163', '78', 'Flume', '101', '2022-12-06 17:40:20');
INSERT INTO `tb_score` VALUES ('1164', '78', 'Hive', '99', '2022-06-08 19:50:52');
INSERT INTO `tb_score` VALUES ('1165', '78', 'Kafka', '60', '2022-05-28 23:44:31');
INSERT INTO `tb_score` VALUES ('1166', '78', 'Linux', '97', '2022-09-25 16:14:24');
INSERT INTO `tb_score` VALUES ('1167', '78', 'Spark', '88', '2022-07-02 17:58:25');
INSERT INTO `tb_score` VALUES ('1168', '78', 'HBase', '25', '2022-05-24 16:34:01');
INSERT INTO `tb_score` VALUES ('1169', '78', 'JavaWeb', '52', '2022-11-29 05:33:11');
INSERT INTO `tb_score` VALUES ('1170', '78', 'JavaAdvance', '23', '2022-09-08 10:22:44');
INSERT INTO `tb_score` VALUES ('1171', '79', 'Html', '42', '2022-11-07 04:36:50');
INSERT INTO `tb_score` VALUES ('1172', '79', 'MySQL', '32', '2022-05-15 23:26:29');
INSERT INTO `tb_score` VALUES ('1173', '79', 'Java', '86', '2022-11-26 09:50:13');
INSERT INTO `tb_score` VALUES ('1174', '79', 'Hadoop', '76', '2022-06-13 00:34:54');
INSERT INTO `tb_score` VALUES ('1175', '79', 'Javascript', '34', '2022-06-30 12:40:49');
INSERT INTO `tb_score` VALUES ('1176', '79', 'PS', '73', '2022-02-09 14:46:01');
INSERT INTO `tb_score` VALUES ('1177', '79', 'CBT', '29', '2022-10-07 16:19:46');
INSERT INTO `tb_score` VALUES ('1178', '79', 'Flume', '70', '2022-10-10 09:28:28');
INSERT INTO `tb_score` VALUES ('1179', '79', 'Hive', '25', '2022-05-08 06:28:03');
INSERT INTO `tb_score` VALUES ('1180', '79', 'Kafka', '28', '2022-01-28 17:17:31');
INSERT INTO `tb_score` VALUES ('1181', '79', 'Linux', '45', '2022-09-26 22:08:42');
INSERT INTO `tb_score` VALUES ('1182', '79', 'Spark', '100', '2022-07-12 13:45:21');
INSERT INTO `tb_score` VALUES ('1183', '79', 'HBase', '96', '2022-11-27 14:51:30');
INSERT INTO `tb_score` VALUES ('1184', '79', 'JavaWeb', '74', '2022-08-23 14:05:34');
INSERT INTO `tb_score` VALUES ('1185', '79', 'JavaAdvance', '83', '2022-11-28 00:40:39');
INSERT INTO `tb_score` VALUES ('1186', '80', 'Html', '90', '2022-10-31 23:34:14');
INSERT INTO `tb_score` VALUES ('1187', '80', 'MySQL', '77', '2022-06-07 11:33:27');
INSERT INTO `tb_score` VALUES ('1188', '80', 'Java', '72', '2022-01-15 11:24:03');
INSERT INTO `tb_score` VALUES ('1189', '80', 'Hadoop', '73', '2022-10-02 15:13:51');
INSERT INTO `tb_score` VALUES ('1190', '80', 'Javascript', '68', '2022-04-11 17:06:25');
INSERT INTO `tb_score` VALUES ('1191', '80', 'PS', '49', '2022-09-12 01:28:39');
INSERT INTO `tb_score` VALUES ('1192', '80', 'CBT', '33', '2022-02-25 08:09:05');
INSERT INTO `tb_score` VALUES ('1193', '80', 'Flume', '38', '2022-09-28 00:34:16');
INSERT INTO `tb_score` VALUES ('1194', '80', 'Hive', '87', '2022-11-17 01:57:55');
INSERT INTO `tb_score` VALUES ('1195', '80', 'Kafka', '61', '2022-03-23 09:08:14');
INSERT INTO `tb_score` VALUES ('1196', '80', 'Linux', '66', '2022-04-02 23:40:48');
INSERT INTO `tb_score` VALUES ('1197', '80', 'Spark', '38', '2022-10-12 02:29:00');
INSERT INTO `tb_score` VALUES ('1198', '80', 'HBase', '83', '2022-06-21 01:46:34');
INSERT INTO `tb_score` VALUES ('1199', '80', 'JavaWeb', '36', '2022-02-02 14:00:24');
INSERT INTO `tb_score` VALUES ('1200', '80', 'JavaAdvance', '47', '2022-03-17 13:18:31');
INSERT INTO `tb_score` VALUES ('1201', '81', 'Html', '50', '2022-03-18 12:03:44');
INSERT INTO `tb_score` VALUES ('1202', '81', 'MySQL', '85', '2022-01-19 18:32:22');
INSERT INTO `tb_score` VALUES ('1203', '81', 'Java', '39', '2022-03-29 08:22:19');
INSERT INTO `tb_score` VALUES ('1204', '81', 'Hadoop', '93', '2022-03-16 07:59:39');
INSERT INTO `tb_score` VALUES ('1205', '81', 'Javascript', '29', '2022-05-14 02:30:49');
INSERT INTO `tb_score` VALUES ('1206', '81', 'PS', '98', '2022-12-08 20:26:30');
INSERT INTO `tb_score` VALUES ('1207', '81', 'CBT', '81', '2022-08-16 18:26:20');
INSERT INTO `tb_score` VALUES ('1208', '81', 'Flume', '45', '2022-04-23 08:44:50');
INSERT INTO `tb_score` VALUES ('1209', '81', 'Hive', '25', '2022-06-19 20:56:27');
INSERT INTO `tb_score` VALUES ('1210', '81', 'Kafka', '31', '2022-02-02 08:41:43');
INSERT INTO `tb_score` VALUES ('1211', '81', 'Linux', '67', '2022-12-26 00:37:07');
INSERT INTO `tb_score` VALUES ('1212', '81', 'Spark', '29', '2022-01-12 07:26:01');
INSERT INTO `tb_score` VALUES ('1213', '81', 'HBase', '20', '2022-07-10 04:29:36');
INSERT INTO `tb_score` VALUES ('1214', '81', 'JavaWeb', '49', '2022-03-03 11:50:29');
INSERT INTO `tb_score` VALUES ('1215', '81', 'JavaAdvance', '90', '2022-09-05 05:27:59');
INSERT INTO `tb_score` VALUES ('1216', '82', 'Html', '65', '2022-02-08 10:07:57');
INSERT INTO `tb_score` VALUES ('1217', '82', 'MySQL', '57', '2022-12-04 15:26:17');
INSERT INTO `tb_score` VALUES ('1218', '82', 'Java', '90', '2022-07-12 04:18:13');
INSERT INTO `tb_score` VALUES ('1219', '82', 'Hadoop', '88', '2022-05-27 03:52:44');
INSERT INTO `tb_score` VALUES ('1220', '82', 'Javascript', '46', '2022-08-29 12:17:59');
INSERT INTO `tb_score` VALUES ('1221', '82', 'PS', '28', '2022-10-20 22:21:00');
INSERT INTO `tb_score` VALUES ('1222', '82', 'CBT', '26', '2022-01-23 16:10:59');
INSERT INTO `tb_score` VALUES ('1223', '82', 'Flume', '67', '2022-04-07 02:38:58');
INSERT INTO `tb_score` VALUES ('1224', '82', 'Hive', '68', '2022-06-23 08:35:08');
INSERT INTO `tb_score` VALUES ('1225', '82', 'Kafka', '89', '2022-11-28 12:01:13');
INSERT INTO `tb_score` VALUES ('1226', '82', 'Linux', '76', '2022-11-26 18:58:17');
INSERT INTO `tb_score` VALUES ('1227', '82', 'Spark', '93', '2022-05-27 12:21:44');
INSERT INTO `tb_score` VALUES ('1228', '82', 'HBase', '29', '2022-10-10 11:57:19');
INSERT INTO `tb_score` VALUES ('1229', '82', 'JavaWeb', '33', '2022-11-04 02:37:28');
INSERT INTO `tb_score` VALUES ('1230', '82', 'JavaAdvance', '43', '2022-11-07 05:00:03');
INSERT INTO `tb_score` VALUES ('1231', '83', 'Html', '62', '2022-10-24 22:03:26');
INSERT INTO `tb_score` VALUES ('1232', '83', 'MySQL', '26', '2022-11-11 01:15:14');
INSERT INTO `tb_score` VALUES ('1233', '83', 'Java', '84', '2022-12-02 06:14:46');
INSERT INTO `tb_score` VALUES ('1234', '83', 'Hadoop', '84', '2022-09-08 21:26:32');
INSERT INTO `tb_score` VALUES ('1235', '83', 'Javascript', '51', '2022-02-18 10:08:56');
INSERT INTO `tb_score` VALUES ('1236', '83', 'PS', '98', '2022-10-29 06:02:12');
INSERT INTO `tb_score` VALUES ('1237', '83', 'CBT', '39', '2022-05-23 10:01:25');
INSERT INTO `tb_score` VALUES ('1238', '83', 'Flume', '36', '2022-06-06 15:13:43');
INSERT INTO `tb_score` VALUES ('1239', '83', 'Hive', '53', '2022-01-09 17:04:12');
INSERT INTO `tb_score` VALUES ('1240', '83', 'Kafka', '60', '2022-08-20 18:15:45');
INSERT INTO `tb_score` VALUES ('1241', '83', 'Linux', '43', '2022-04-04 04:46:02');
INSERT INTO `tb_score` VALUES ('1242', '83', 'Spark', '35', '2022-02-09 23:54:24');
INSERT INTO `tb_score` VALUES ('1243', '83', 'HBase', '43', '2022-11-26 10:36:47');
INSERT INTO `tb_score` VALUES ('1244', '83', 'JavaWeb', '29', '2022-11-01 16:23:23');
INSERT INTO `tb_score` VALUES ('1245', '83', 'JavaAdvance', '82', '2022-08-06 06:53:05');
INSERT INTO `tb_score` VALUES ('1259', '84', 'JavaWeb', '64', '2022-10-05 19:32:26');
INSERT INTO `tb_score` VALUES ('1260', '84', 'JavaAdvance', '37', '2022-12-17 19:11:54');
INSERT INTO `tb_score` VALUES ('1261', '85', 'Html', '56', '2022-10-03 04:44:14');
INSERT INTO `tb_score` VALUES ('1262', '85', 'MySQL', '69', '2022-08-15 13:27:06');
INSERT INTO `tb_score` VALUES ('1263', '85', 'Java', '69', '2022-08-31 03:05:10');
INSERT INTO `tb_score` VALUES ('1264', '85', 'Hadoop', '88', '2022-02-13 21:40:34');
INSERT INTO `tb_score` VALUES ('1265', '85', 'Javascript', '68', '2022-09-06 14:28:26');
INSERT INTO `tb_score` VALUES ('1266', '85', 'PS', '39', '2022-12-06 20:18:45');
INSERT INTO `tb_score` VALUES ('1267', '85', 'CBT', '80', '2022-12-03 14:54:28');
INSERT INTO `tb_score` VALUES ('1268', '85', 'Flume', '63', '2022-01-06 13:13:40');
INSERT INTO `tb_score` VALUES ('1269', '85', 'Hive', '96', '2022-05-17 05:51:17');
INSERT INTO `tb_score` VALUES ('1270', '85', 'Kafka', '50', '2022-11-15 21:01:45');
INSERT INTO `tb_score` VALUES ('1271', '85', 'Linux', '73', '2022-01-16 08:37:08');
INSERT INTO `tb_score` VALUES ('1272', '85', 'Spark', '37', '2022-07-29 12:01:02');
INSERT INTO `tb_score` VALUES ('1273', '85', 'HBase', '67', '2022-07-14 06:44:26');
INSERT INTO `tb_score` VALUES ('1274', '85', 'JavaWeb', '78', '2022-12-22 18:02:23');
INSERT INTO `tb_score` VALUES ('1275', '85', 'JavaAdvance', '93', '2022-11-17 03:09:46');
INSERT INTO `tb_score` VALUES ('1276', '86', 'Html', '25', '2022-07-18 22:18:57');
INSERT INTO `tb_score` VALUES ('1277', '86', 'MySQL', '81', '2022-03-21 13:32:17');
INSERT INTO `tb_score` VALUES ('1278', '86', 'Java', '82', '2022-09-10 20:00:13');
INSERT INTO `tb_score` VALUES ('1279', '86', 'Hadoop', '89', '2022-10-04 20:48:10');
INSERT INTO `tb_score` VALUES ('1280', '86', 'Javascript', '34', '2022-09-03 09:54:09');
INSERT INTO `tb_score` VALUES ('1281', '86', 'PS', '100', '2022-12-03 23:56:42');
INSERT INTO `tb_score` VALUES ('1282', '86', 'CBT', '70', '2022-12-05 18:07:19');
INSERT INTO `tb_score` VALUES ('1283', '86', 'Flume', '55', '2022-06-16 06:47:23');
INSERT INTO `tb_score` VALUES ('1284', '86', 'Hive', '49', '2022-03-21 20:27:42');
INSERT INTO `tb_score` VALUES ('1285', '86', 'Kafka', '101', '2022-11-01 14:57:13');
INSERT INTO `tb_score` VALUES ('1286', '86', 'Linux', '22', '2022-12-28 01:59:06');
INSERT INTO `tb_score` VALUES ('1287', '86', 'Spark', '93', '2022-06-05 07:13:49');
INSERT INTO `tb_score` VALUES ('1288', '86', 'HBase', '63', '2022-06-02 04:09:13');
INSERT INTO `tb_score` VALUES ('1289', '86', 'JavaWeb', '73', '2022-04-09 09:50:50');
INSERT INTO `tb_score` VALUES ('1290', '86', 'JavaAdvance', '32', '2022-07-01 21:39:13');
INSERT INTO `tb_score` VALUES ('1291', '87', 'Html', '37', '2022-11-14 09:53:10');
INSERT INTO `tb_score` VALUES ('1292', '87', 'MySQL', '37', '2022-12-11 12:21:56');
INSERT INTO `tb_score` VALUES ('1293', '87', 'Java', '94', '2022-02-20 04:28:11');
INSERT INTO `tb_score` VALUES ('1294', '87', 'Hadoop', '95', '2022-06-09 06:21:31');
INSERT INTO `tb_score` VALUES ('1295', '87', 'Javascript', '30', '2022-04-16 01:17:05');
INSERT INTO `tb_score` VALUES ('1296', '87', 'PS', '77', '2022-06-10 04:44:55');
INSERT INTO `tb_score` VALUES ('1297', '87', 'CBT', '91', '2022-01-02 00:31:03');
INSERT INTO `tb_score` VALUES ('1298', '87', 'Flume', '27', '2022-10-18 02:16:34');
INSERT INTO `tb_score` VALUES ('1299', '87', 'Hive', '95', '2022-10-07 03:07:40');
INSERT INTO `tb_score` VALUES ('1300', '87', 'Kafka', '63', '2022-01-21 02:48:51');
INSERT INTO `tb_score` VALUES ('1301', '87', 'Linux', '45', '2022-08-08 16:41:16');
INSERT INTO `tb_score` VALUES ('1302', '87', 'Spark', '79', '2022-10-28 04:39:32');
INSERT INTO `tb_score` VALUES ('1303', '87', 'HBase', '97', '2022-04-26 02:05:41');
INSERT INTO `tb_score` VALUES ('1304', '87', 'JavaWeb', '21', '2022-02-08 19:20:48');
INSERT INTO `tb_score` VALUES ('1305', '87', 'JavaAdvance', '30', '2022-04-27 06:57:01');
INSERT INTO `tb_score` VALUES ('1306', '88', 'Html', '99', '2022-12-20 18:01:55');
INSERT INTO `tb_score` VALUES ('1307', '88', 'MySQL', '84', '2022-02-19 09:16:24');
INSERT INTO `tb_score` VALUES ('1308', '88', 'Java', '39', '2022-04-09 19:54:48');
INSERT INTO `tb_score` VALUES ('1309', '88', 'Hadoop', '27', '2022-08-17 07:01:09');
INSERT INTO `tb_score` VALUES ('1310', '88', 'Javascript', '53', '2022-12-16 10:16:36');
INSERT INTO `tb_score` VALUES ('1311', '88', 'PS', '85', '2022-01-07 06:27:52');
INSERT INTO `tb_score` VALUES ('1312', '88', 'CBT', '90', '2022-06-03 21:52:49');
INSERT INTO `tb_score` VALUES ('1313', '88', 'Flume', '100', '2022-12-11 03:17:35');
INSERT INTO `tb_score` VALUES ('1314', '88', 'Hive', '44', '2022-03-11 07:35:14');
INSERT INTO `tb_score` VALUES ('1315', '88', 'Kafka', '82', '2022-01-14 05:09:43');
INSERT INTO `tb_score` VALUES ('1316', '88', 'Linux', '94', '2022-12-16 13:27:01');
INSERT INTO `tb_score` VALUES ('1317', '88', 'Spark', '56', '2022-11-13 23:03:37');
INSERT INTO `tb_score` VALUES ('1318', '88', 'HBase', '61', '2022-11-18 15:09:28');
INSERT INTO `tb_score` VALUES ('1319', '88', 'JavaWeb', '74', '2022-05-08 22:31:29');
INSERT INTO `tb_score` VALUES ('1320', '88', 'JavaAdvance', '35', '2022-03-05 18:44:29');
INSERT INTO `tb_score` VALUES ('1321', '89', 'Html', '30', '2022-04-27 04:03:44');
INSERT INTO `tb_score` VALUES ('1322', '89', 'MySQL', '63', '2022-10-07 18:05:52');
INSERT INTO `tb_score` VALUES ('1323', '89', 'Java', '77', '2022-02-21 11:30:44');
INSERT INTO `tb_score` VALUES ('1324', '89', 'Hadoop', '81', '2022-01-10 10:45:43');
INSERT INTO `tb_score` VALUES ('1325', '89', 'Javascript', '77', '2022-04-15 14:04:23');
INSERT INTO `tb_score` VALUES ('1326', '89', 'PS', '38', '2022-01-14 14:52:39');
INSERT INTO `tb_score` VALUES ('1327', '89', 'CBT', '28', '2022-04-16 08:05:51');
INSERT INTO `tb_score` VALUES ('1328', '89', 'Flume', '95', '2022-12-03 07:40:59');
INSERT INTO `tb_score` VALUES ('1329', '89', 'Hive', '101', '2022-06-24 04:07:24');
INSERT INTO `tb_score` VALUES ('1330', '89', 'Kafka', '79', '2022-10-10 07:31:00');
INSERT INTO `tb_score` VALUES ('1331', '89', 'Linux', '44', '2022-10-05 16:38:36');
INSERT INTO `tb_score` VALUES ('1332', '89', 'Spark', '74', '2022-10-23 19:10:01');
INSERT INTO `tb_score` VALUES ('1333', '89', 'HBase', '74', '2022-12-12 02:41:08');
INSERT INTO `tb_score` VALUES ('1334', '89', 'JavaWeb', '76', '2022-10-15 11:28:43');
INSERT INTO `tb_score` VALUES ('1335', '89', 'JavaAdvance', '68', '2022-09-11 04:59:44');
INSERT INTO `tb_score` VALUES ('1336', '90', 'Html', '93', '2022-03-23 18:48:02');
INSERT INTO `tb_score` VALUES ('1337', '90', 'MySQL', '66', '2022-01-14 00:01:38');
INSERT INTO `tb_score` VALUES ('1338', '90', 'Java', '66', '2022-07-18 01:22:57');
INSERT INTO `tb_score` VALUES ('1339', '90', 'Hadoop', '63', '2022-05-21 08:11:11');
INSERT INTO `tb_score` VALUES ('1340', '90', 'Javascript', '25', '2022-02-21 05:10:20');
INSERT INTO `tb_score` VALUES ('1341', '90', 'PS', '22', '2022-02-03 09:27:34');
INSERT INTO `tb_score` VALUES ('1342', '90', 'CBT', '61', '2022-09-03 08:18:16');
INSERT INTO `tb_score` VALUES ('1343', '90', 'Flume', '79', '2022-10-08 11:34:37');
INSERT INTO `tb_score` VALUES ('1344', '90', 'Hive', '51', '2022-02-28 22:46:00');
INSERT INTO `tb_score` VALUES ('1345', '90', 'Kafka', '27', '2022-02-28 17:16:06');
INSERT INTO `tb_score` VALUES ('1346', '90', 'Linux', '55', '2022-05-09 22:59:22');
INSERT INTO `tb_score` VALUES ('1347', '90', 'Spark', '39', '2022-03-06 02:40:42');
INSERT INTO `tb_score` VALUES ('1348', '90', 'HBase', '24', '2022-10-02 22:35:00');
INSERT INTO `tb_score` VALUES ('1349', '90', 'JavaWeb', '74', '2022-11-15 10:12:23');
INSERT INTO `tb_score` VALUES ('1350', '90', 'JavaAdvance', '27', '2022-04-20 09:53:43');
INSERT INTO `tb_score` VALUES ('1351', '91', 'Html', '52', '2022-05-20 10:53:42');
INSERT INTO `tb_score` VALUES ('1352', '91', 'MySQL', '54', '2022-03-31 09:03:28');
INSERT INTO `tb_score` VALUES ('1353', '91', 'Java', '47', '2022-05-22 04:51:21');
INSERT INTO `tb_score` VALUES ('1354', '91', 'Hadoop', '61', '2022-10-06 15:39:05');
INSERT INTO `tb_score` VALUES ('1355', '91', 'Javascript', '53', '2022-11-28 00:02:16');
INSERT INTO `tb_score` VALUES ('1356', '91', 'PS', '79', '2022-07-27 19:04:53');
INSERT INTO `tb_score` VALUES ('1357', '91', 'CBT', '29', '2022-02-02 08:13:09');
INSERT INTO `tb_score` VALUES ('1358', '91', 'Flume', '81', '2022-09-12 16:06:11');
INSERT INTO `tb_score` VALUES ('1359', '91', 'Hive', '96', '2022-08-20 03:24:06');
INSERT INTO `tb_score` VALUES ('1360', '91', 'Kafka', '45', '2022-10-05 07:33:01');
INSERT INTO `tb_score` VALUES ('1361', '91', 'Linux', '97', '2022-12-26 23:20:45');
INSERT INTO `tb_score` VALUES ('1362', '91', 'Spark', '91', '2022-04-09 16:07:45');
INSERT INTO `tb_score` VALUES ('1363', '91', 'HBase', '45', '2022-01-03 13:58:12');
INSERT INTO `tb_score` VALUES ('1364', '91', 'JavaWeb', '57', '2022-11-06 06:49:31');
INSERT INTO `tb_score` VALUES ('1365', '91', 'JavaAdvance', '35', '2022-08-22 19:56:52');
INSERT INTO `tb_score` VALUES ('1366', '92', 'Html', '93', '2022-12-19 21:51:36');
INSERT INTO `tb_score` VALUES ('1367', '92', 'MySQL', '22', '2022-10-16 20:40:26');
INSERT INTO `tb_score` VALUES ('1368', '92', 'Java', '34', '2022-10-11 00:13:18');
INSERT INTO `tb_score` VALUES ('1369', '92', 'Hadoop', '36', '2022-12-15 01:01:46');
INSERT INTO `tb_score` VALUES ('1370', '92', 'Javascript', '76', '2022-04-26 09:16:17');
INSERT INTO `tb_score` VALUES ('1371', '92', 'PS', '81', '2022-03-21 21:32:05');
INSERT INTO `tb_score` VALUES ('1372', '92', 'CBT', '89', '2022-09-21 07:16:47');
INSERT INTO `tb_score` VALUES ('1373', '92', 'Flume', '95', '2022-07-28 06:11:17');
INSERT INTO `tb_score` VALUES ('1374', '92', 'Hive', '66', '2022-08-03 02:01:46');
INSERT INTO `tb_score` VALUES ('1375', '92', 'Kafka', '34', '2022-09-23 12:52:30');
INSERT INTO `tb_score` VALUES ('1376', '92', 'Linux', '37', '2022-10-22 23:03:08');
INSERT INTO `tb_score` VALUES ('1377', '92', 'Spark', '100', '2022-08-13 01:08:49');
INSERT INTO `tb_score` VALUES ('1378', '92', 'HBase', '37', '2022-07-31 18:37:40');
INSERT INTO `tb_score` VALUES ('1379', '92', 'JavaWeb', '69', '2022-07-09 12:15:32');
INSERT INTO `tb_score` VALUES ('1380', '92', 'JavaAdvance', '63', '2022-10-16 15:39:43');
INSERT INTO `tb_score` VALUES ('1381', '93', 'Html', '47', '2022-09-22 21:38:42');
INSERT INTO `tb_score` VALUES ('1382', '93', 'MySQL', '20', '2022-11-17 05:27:33');
INSERT INTO `tb_score` VALUES ('1383', '93', 'Java', '48', '2022-08-18 00:31:21');
INSERT INTO `tb_score` VALUES ('1384', '93', 'Hadoop', '73', '2022-10-05 04:17:26');
INSERT INTO `tb_score` VALUES ('1385', '93', 'Javascript', '42', '2022-12-19 00:52:06');
INSERT INTO `tb_score` VALUES ('1386', '93', 'PS', '89', '2022-03-02 18:07:05');
INSERT INTO `tb_score` VALUES ('1387', '93', 'CBT', '74', '2022-01-15 02:12:09');
INSERT INTO `tb_score` VALUES ('1388', '93', 'Flume', '53', '2022-06-06 00:45:23');
INSERT INTO `tb_score` VALUES ('1389', '93', 'Hive', '56', '2022-09-04 18:36:27');
INSERT INTO `tb_score` VALUES ('1390', '93', 'Kafka', '23', '2022-11-25 05:40:32');
INSERT INTO `tb_score` VALUES ('1391', '93', 'Linux', '100', '2022-01-20 14:53:55');
INSERT INTO `tb_score` VALUES ('1392', '93', 'Spark', '31', '2022-03-01 14:00:42');
INSERT INTO `tb_score` VALUES ('1393', '93', 'HBase', '81', '2022-05-10 07:35:47');
INSERT INTO `tb_score` VALUES ('1394', '93', 'JavaWeb', '91', '2022-12-02 16:49:28');
INSERT INTO `tb_score` VALUES ('1395', '93', 'JavaAdvance', '88', '2022-12-10 17:26:07');
INSERT INTO `tb_score` VALUES ('1396', '94', 'Html', '54', '2022-08-11 05:41:03');
INSERT INTO `tb_score` VALUES ('1397', '94', 'MySQL', '86', '2022-10-12 17:10:39');
INSERT INTO `tb_score` VALUES ('1398', '94', 'Java', '67', '2022-01-23 19:30:10');
INSERT INTO `tb_score` VALUES ('1399', '94', 'Hadoop', '73', '2022-06-04 18:04:49');
INSERT INTO `tb_score` VALUES ('1400', '94', 'Javascript', '58', '2022-08-27 12:20:21');
INSERT INTO `tb_score` VALUES ('1401', '94', 'PS', '27', '2022-03-15 16:40:58');
INSERT INTO `tb_score` VALUES ('1402', '94', 'CBT', '47', '2022-03-20 06:35:00');
INSERT INTO `tb_score` VALUES ('1403', '94', 'Flume', '38', '2022-07-14 10:19:04');
INSERT INTO `tb_score` VALUES ('1404', '94', 'Hive', '41', '2022-09-18 22:40:48');
INSERT INTO `tb_score` VALUES ('1405', '94', 'Kafka', '58', '2022-03-17 00:07:59');
INSERT INTO `tb_score` VALUES ('1406', '94', 'Linux', '28', '2022-09-14 03:25:04');
INSERT INTO `tb_score` VALUES ('1407', '94', 'Spark', '50', '2022-09-29 10:09:39');
INSERT INTO `tb_score` VALUES ('1408', '94', 'HBase', '59', '2022-05-04 07:32:35');
INSERT INTO `tb_score` VALUES ('1409', '94', 'JavaWeb', '72', '2022-03-29 08:17:20');
INSERT INTO `tb_score` VALUES ('1410', '94', 'JavaAdvance', '79', '2022-09-11 10:06:08');
INSERT INTO `tb_score` VALUES ('1411', '95', 'Html', '83', '2022-12-17 00:27:27');
INSERT INTO `tb_score` VALUES ('1412', '95', 'MySQL', '44', '2022-04-12 20:05:00');
INSERT INTO `tb_score` VALUES ('1413', '95', 'Java', '43', '2022-02-10 00:38:26');
INSERT INTO `tb_score` VALUES ('1414', '95', 'Hadoop', '47', '2022-09-06 15:04:53');
INSERT INTO `tb_score` VALUES ('1415', '95', 'Javascript', '73', '2022-05-30 14:14:56');
INSERT INTO `tb_score` VALUES ('1416', '95', 'PS', '96', '2022-10-11 02:04:03');
INSERT INTO `tb_score` VALUES ('1417', '95', 'CBT', '91', '2022-02-21 00:25:28');
INSERT INTO `tb_score` VALUES ('1418', '95', 'Flume', '101', '2022-10-12 15:04:19');
INSERT INTO `tb_score` VALUES ('1419', '95', 'Hive', '31', '2022-10-15 16:07:55');
INSERT INTO `tb_score` VALUES ('1420', '95', 'Kafka', '37', '2022-12-02 20:45:25');
INSERT INTO `tb_score` VALUES ('1421', '95', 'Linux', '101', '2022-11-01 12:21:54');
INSERT INTO `tb_score` VALUES ('1422', '95', 'Spark', '74', '2022-03-26 17:45:00');
INSERT INTO `tb_score` VALUES ('1423', '95', 'HBase', '99', '2022-07-08 18:00:59');
INSERT INTO `tb_score` VALUES ('1424', '95', 'JavaWeb', '101', '2022-10-11 04:23:40');
INSERT INTO `tb_score` VALUES ('1425', '95', 'JavaAdvance', '95', '2022-01-22 18:10:39');
INSERT INTO `tb_score` VALUES ('1426', '96', 'Html', '56', '2022-05-14 13:16:16');
INSERT INTO `tb_score` VALUES ('1427', '96', 'MySQL', '75', '2022-11-06 19:51:04');
INSERT INTO `tb_score` VALUES ('1428', '96', 'Java', '54', '2022-12-16 22:34:06');
INSERT INTO `tb_score` VALUES ('1429', '96', 'Hadoop', '91', '2022-02-13 07:17:50');
INSERT INTO `tb_score` VALUES ('1430', '96', 'Javascript', '74', '2022-11-04 16:05:39');
INSERT INTO `tb_score` VALUES ('1431', '96', 'PS', '75', '2022-09-07 11:35:28');
INSERT INTO `tb_score` VALUES ('1432', '96', 'CBT', '45', '2022-11-05 13:06:43');
INSERT INTO `tb_score` VALUES ('1433', '96', 'Flume', '92', '2022-10-08 19:31:49');
INSERT INTO `tb_score` VALUES ('1434', '96', 'Hive', '82', '2022-04-05 14:01:22');
INSERT INTO `tb_score` VALUES ('1435', '96', 'Kafka', '35', '2022-11-15 02:36:08');
INSERT INTO `tb_score` VALUES ('1436', '96', 'Linux', '52', '2022-04-08 08:18:55');
INSERT INTO `tb_score` VALUES ('1437', '96', 'Spark', '90', '2022-12-08 19:58:30');
INSERT INTO `tb_score` VALUES ('1438', '96', 'HBase', '96', '2022-05-21 20:10:59');
INSERT INTO `tb_score` VALUES ('1439', '96', 'JavaWeb', '81', '2022-04-11 03:38:59');
INSERT INTO `tb_score` VALUES ('1440', '96', 'JavaAdvance', '92', '2022-11-01 23:22:07');
INSERT INTO `tb_score` VALUES ('1441', '97', 'Html', '67', '2022-04-27 03:11:19');
INSERT INTO `tb_score` VALUES ('1442', '97', 'MySQL', '89', '2022-06-07 16:14:20');
INSERT INTO `tb_score` VALUES ('1443', '97', 'Java', '97', '2022-11-01 22:12:28');
INSERT INTO `tb_score` VALUES ('1444', '97', 'Hadoop', '73', '2022-12-02 18:50:16');
INSERT INTO `tb_score` VALUES ('1445', '97', 'Javascript', '75', '2022-09-29 03:35:58');
INSERT INTO `tb_score` VALUES ('1446', '97', 'PS', '98', '2022-12-02 01:18:33');
INSERT INTO `tb_score` VALUES ('1447', '97', 'CBT', '28', '2022-01-26 21:51:08');
INSERT INTO `tb_score` VALUES ('1448', '97', 'Flume', '96', '2022-12-18 22:58:47');
INSERT INTO `tb_score` VALUES ('1449', '97', 'Hive', '25', '2022-02-25 17:50:28');
INSERT INTO `tb_score` VALUES ('1450', '97', 'Kafka', '50', '2022-03-07 14:52:57');
INSERT INTO `tb_score` VALUES ('1451', '97', 'Linux', '92', '2022-07-25 21:52:36');
INSERT INTO `tb_score` VALUES ('1452', '97', 'Spark', '84', '2022-11-25 11:32:08');
INSERT INTO `tb_score` VALUES ('1453', '97', 'HBase', '53', '2022-03-29 19:11:29');
INSERT INTO `tb_score` VALUES ('1454', '97', 'JavaWeb', '91', '2022-09-09 13:36:34');
INSERT INTO `tb_score` VALUES ('1455', '97', 'JavaAdvance', '20', '2022-09-16 21:11:05');
INSERT INTO `tb_score` VALUES ('1456', '98', 'Html', '56', '2022-04-22 19:45:25');
INSERT INTO `tb_score` VALUES ('1457', '98', 'MySQL', '83', '2022-07-01 16:50:09');
INSERT INTO `tb_score` VALUES ('1458', '98', 'Java', '45', '2022-10-15 10:19:53');
INSERT INTO `tb_score` VALUES ('1459', '98', 'Hadoop', '61', '2022-01-29 10:42:31');
INSERT INTO `tb_score` VALUES ('1460', '98', 'Javascript', '89', '2022-09-04 19:13:36');
INSERT INTO `tb_score` VALUES ('1461', '98', 'PS', '80', '2022-07-16 21:47:34');
INSERT INTO `tb_score` VALUES ('1462', '98', 'CBT', '77', '2022-08-16 09:33:05');
INSERT INTO `tb_score` VALUES ('1463', '98', 'Flume', '72', '2022-06-07 19:11:54');
INSERT INTO `tb_score` VALUES ('1464', '98', 'Hive', '45', '2022-09-22 14:16:20');
INSERT INTO `tb_score` VALUES ('1465', '98', 'Kafka', '38', '2022-01-25 07:20:53');
INSERT INTO `tb_score` VALUES ('1466', '98', 'Linux', '44', '2022-01-30 09:24:51');
INSERT INTO `tb_score` VALUES ('1469', '98', 'JavaWeb', '62', '2022-11-28 22:25:07');
INSERT INTO `tb_score` VALUES ('1470', '98', 'JavaAdvance', '58', '2022-06-28 10:20:55');
INSERT INTO `tb_score` VALUES ('1471', '99', 'Html', '74', '2022-04-11 15:25:40');
INSERT INTO `tb_score` VALUES ('1472', '99', 'MySQL', '52', '2022-05-22 02:38:00');
INSERT INTO `tb_score` VALUES ('1473', '99', 'Java', '40', '2022-01-18 18:23:04');
INSERT INTO `tb_score` VALUES ('1474', '99', 'Hadoop', '77', '2022-11-11 18:08:32');
INSERT INTO `tb_score` VALUES ('1480', '99', 'Kafka', '23', '2022-05-22 01:09:08');
INSERT INTO `tb_score` VALUES ('1481', '99', 'Linux', '47', '2022-07-29 08:20:31');
INSERT INTO `tb_score` VALUES ('1482', '99', 'Spark', '89', '2022-10-13 22:34:07');
INSERT INTO `tb_score` VALUES ('1483', '99', 'HBase', '58', '2022-03-06 01:50:37');
INSERT INTO `tb_score` VALUES ('1484', '99', 'JavaWeb', '35', '2022-01-12 15:19:58');
INSERT INTO `tb_score` VALUES ('1485', '99', 'JavaAdvance', '58', '2022-02-06 09:33:35');

-- ----------------------------
-- Table structure for tb_student
-- ----------------------------
DROP TABLE IF EXISTS `tb_student`;
CREATE TABLE `tb_student` (
  `sid` int(11) NOT NULL,
  `sname` varchar(50) DEFAULT NULL,
  `sex` int(11) DEFAULT NULL,
  `birthday` date DEFAULT NULL,
  `phone` varchar(20) DEFAULT NULL,
  `address` varchar(50) DEFAULT NULL,
  `scid` int(11) DEFAULT NULL,
  `reg_date` date DEFAULT NULL
) ENGINE=InnoDB DEFAULT CHARSET=utf8;

-- ----------------------------
-- Records of tb_student
-- ----------------------------
INSERT INTO `tb_student` VALUES ('1', 'Student#1', '0', '1990-06-17', '13619656503', '北京', '68', '2019-03-10');
INSERT INTO `tb_student` VALUES ('2', 'Student#2', '0', '1994-08-16', '13767340659', '北京', '50', '2019-09-08');
INSERT INTO `tb_student` VALUES ('3', 'Student#3', '1', '1991-08-21', '13736441065', '郑州', '95', '2019-06-24');
INSERT INTO `tb_student` VALUES ('4', 'Student#4', '0', '1994-01-13', '13684795217', '温州', '44', '2019-11-11');
INSERT INTO `tb_student` VALUES ('5', 'Student#5', '0', '1990-08-21', '13213445822', '温州', '71', '2019-08-29');
INSERT INTO `tb_student` VALUES ('6', 'Student#6', '1', '1992-08-13', '13591655359', '温州', '55', '2019-07-16');
INSERT INTO `tb_student` VALUES ('7', 'Student#7', '1', '1994-06-04', '13690373765', '重庆', '8', '2019-07-18');
INSERT INTO `tb_student` VALUES ('8', 'Student#8', '0', '1993-12-15', '13140380720', '襄阳', '96', '2019-12-24');
INSERT INTO `tb_student` VALUES ('9', 'Student#9', '0', '1994-11-22', '13643978051', '上海', '31', '2019-11-27');
INSERT INTO `tb_student` VALUES ('10', 'Student#10', '0', '1991-03-07', '13466841562', '', '59', '2019-08-14');
INSERT INTO `tb_student` VALUES ('11', 'Student#11', '1', '1990-06-26', '13683174550', '', '27', '2019-02-24');
INSERT INTO `tb_student` VALUES ('12', 'Student#12', '0', '1993-05-27', '13428580705', '武汉', '81', '2019-06-29');
INSERT INTO `tb_student` VALUES ('13', 'Student#13', '0', '1992-04-27', '13771897688', '郑州', '69', '2019-12-01');
INSERT INTO `tb_student` VALUES ('14', 'Student#14', '0', '1993-09-13', '13271563155', '北京', '95', '2019-02-07');
INSERT INTO `tb_student` VALUES ('15', 'Student#15', '0', '1993-01-13', '13682139466', '深圳', '1', '2019-06-18');
INSERT INTO `tb_student` VALUES ('16', 'Student#16', '0', '1994-07-10', '13716667750', '襄阳', '77', '2019-07-10');
INSERT INTO `tb_student` VALUES ('17', 'Student#17', '1', '1991-06-21', '13489438784', '重庆', '53', '2019-01-22');
INSERT INTO `tb_student` VALUES ('18', 'Student#18', '1', '1994-08-20', '13734241933', '温州', '48', '2019-11-19');
INSERT INTO `tb_student` VALUES ('19', 'Student#19', '0', '1991-10-17', '13325479298', '深圳', '41', '2019-01-21');
INSERT INTO `tb_student` VALUES ('20', 'Student#20', '1', '1995-07-28', '13562889391', '', '64', '2019-11-16');
INSERT INTO `tb_student` VALUES ('21', 'Student#21', '0', '1992-03-29', '13795337834', '武汉', '27', '2019-07-12');
INSERT INTO `tb_student` VALUES ('22', 'Student#22', '0', '1990-05-08', '13617217036', '深圳', '83', '2019-02-15');
INSERT INTO `tb_student` VALUES ('23', 'Student#23', '1', '1992-08-02', '13814469919', '平顶山', '33', '2019-10-03');
INSERT INTO `tb_student` VALUES ('24', 'Student#24', '1', '1995-12-15', '13540948989', '北京', '40', '2019-12-05');
INSERT INTO `tb_student` VALUES ('25', 'Student#25', '0', '1994-11-21', '13684845011', '襄阳', '98', '2019-12-31');
INSERT INTO `tb_student` VALUES ('26', 'Student#26', '1', '1991-03-13', '13549418184', '武汉', '21', '2019-08-25');
INSERT INTO `tb_student` VALUES ('27', 'Student#27', '0', '1990-02-25', '13651351854', '上海', '59', '2019-11-12');
INSERT INTO `tb_student` VALUES ('28', 'Student#28', '1', '1990-03-19', '13696089968', '长沙', '23', '2019-10-24');
INSERT INTO `tb_student` VALUES ('29', 'Student#29', '0', '1993-11-11', '13645413181', '温州', '40', '2019-01-06');
INSERT INTO `tb_student` VALUES ('30', 'Student#30', '1', '1992-04-19', '13975343904', '武汉', '23', '2019-05-18');
INSERT INTO `tb_student` VALUES ('31', 'Student#31', '1', '1995-09-05', '13490604282', '郑州', '50', '2019-11-10');
INSERT INTO `tb_student` VALUES ('32', 'Student#32', '0', '1990-02-10', '13690436176', '深圳', '47', '2019-04-26');
INSERT INTO `tb_student` VALUES ('33', 'Student#33', '1', '1990-10-09', '13691473517', '重庆', '82', '2019-06-05');
INSERT INTO `tb_student` VALUES ('34', 'Student#34', '0', '1992-09-14', '13172602314', '襄阳', '61', '2019-04-13');
INSERT INTO `tb_student` VALUES ('35', 'Student#35', '1', '1992-06-11', '13322885464', '上海', '30', '2019-07-24');
INSERT INTO `tb_student` VALUES ('36', 'Student#36', '0', '1995-07-06', '13564557153', '深圳', '68', '2019-11-25');
INSERT INTO `tb_student` VALUES ('37', 'Student#37', '1', '1992-05-23', '13297599032', '北京', '11', '2019-10-02');
INSERT INTO `tb_student` VALUES ('38', 'Student#38', '0', '1993-10-19', '13881877569', '温州', '27', '2019-03-11');
INSERT INTO `tb_student` VALUES ('39', 'Student#39', '0', '1991-02-02', '13986511507', '襄阳', '58', '2019-12-18');
INSERT INTO `tb_student` VALUES ('40', 'Student#40', '0', '1992-04-16', '13738997083', '北京', '46', '2019-06-17');
INSERT INTO `tb_student` VALUES ('41', 'Student#41', '1', '1995-05-27', '13968604090', '平顶山', '15', '2019-04-15');
INSERT INTO `tb_student` VALUES ('42', 'Student#42', '0', '1992-12-05', '13916948145', '十堰', '8', '2019-04-07');
INSERT INTO `tb_student` VALUES ('43', 'Student#43', '0', '1992-08-28', '13762251985', '郑州', '2', '2019-08-04');
INSERT INTO `tb_student` VALUES ('44', 'Student#44', '1', '1993-10-14', '13928847516', '武汉', '26', '2019-10-22');
INSERT INTO `tb_student` VALUES ('45', 'Student#45', '0', '1994-11-09', '13981231341', '十堰', '67', '2019-06-28');
INSERT INTO `tb_student` VALUES ('46', 'Student#46', '0', '1990-08-27', '13259398088', '', '81', '2019-11-30');
INSERT INTO `tb_student` VALUES ('47', 'Student#47', '0', '1990-02-17', '13482195882', '十堰', '5', '2019-07-12');
INSERT INTO `tb_student` VALUES ('48', 'Student#48', '0', '1993-08-27', '13630537197', '武汉', '43', '2019-03-03');
INSERT INTO `tb_student` VALUES ('49', 'Student#49', '0', '1990-12-11', '13484087103', '温州', '13', '2019-11-28');
INSERT INTO `tb_student` VALUES ('50', 'Student#50', '1', '1995-11-07', '13734479031', '温州', '96', '2019-11-06');
INSERT INTO `tb_student` VALUES ('51', 'Student#51', '0', '1994-02-09', '13970780615', '长沙', '39', '2019-07-05');
INSERT INTO `tb_student` VALUES ('52', 'Student#52', '1', '1991-12-20', '13358952897', '上海', '19', '2019-06-22');
INSERT INTO `tb_student` VALUES ('53', 'Student#53', '1', '1991-06-05', '13943293351', '广州', '72', '2019-02-04');
INSERT INTO `tb_student` VALUES ('54', 'Student#54', '1', '1993-08-10', '13653139191', '上海', '25', '2019-04-26');
INSERT INTO `tb_student` VALUES ('55', 'Student#55', '0', '1995-08-25', '13365336520', '襄阳', '36', '2019-12-20');
INSERT INTO `tb_student` VALUES ('56', 'Student#56', '1', '1993-07-17', '13238904753', '武汉', '71', '2019-12-18');
INSERT INTO `tb_student` VALUES ('57', 'Student#57', '1', '1991-05-18', '13816776912', '北京', '84', '2019-11-15');
INSERT INTO `tb_student` VALUES ('58', 'Student#58', '0', '1994-07-10', '13366113193', '武汉', '27', '2019-10-22');
INSERT INTO `tb_student` VALUES ('59', 'Student#59', '0', '1995-02-03', '13496789640', '广州', '54', '2019-06-22');
INSERT INTO `tb_student` VALUES ('60', 'Student#60', '0', '1994-09-01', '13316351856', '襄阳', '94', '2019-08-28');
INSERT INTO `tb_student` VALUES ('61', 'Student#61', '1', '1993-04-20', '13782356902', '长沙', '62', '2019-05-03');
INSERT INTO `tb_student` VALUES ('62', 'Student#62', '0', '1991-09-29', '13679804498', '广州', '18', '2019-10-16');
INSERT INTO `tb_student` VALUES ('63', 'Student#63', '0', '1994-04-11', '13514740439', '温州', '22', '2019-10-31');
INSERT INTO `tb_student` VALUES ('64', 'Student#64', '1', '1990-05-08', '13338058471', '襄阳', '75', '2019-03-10');
INSERT INTO `tb_student` VALUES ('65', 'Student#65', '1', '1993-02-20', '13477789177', '武汉', '21', '2019-05-03');
INSERT INTO `tb_student` VALUES ('66', 'Student#66', '0', '1990-06-30', '13943067757', '六安', '87', '2019-01-17');
INSERT INTO `tb_student` VALUES ('67', 'Student#67', '0', '1991-04-26', '13869233142', '', '8', '2019-09-11');
INSERT INTO `tb_student` VALUES ('68', 'Student#68', '1', '1990-03-06', '13467234292', '北京', '89', '2019-12-03');
INSERT INTO `tb_student` VALUES ('69', 'Student#69', '0', '1991-05-06', '13249399391', '广州', '52', '2019-09-04');
INSERT INTO `tb_student` VALUES ('70', 'Student#70', '0', '1993-10-02', '13941383389', '深圳', '94', '2019-05-10');
INSERT INTO `tb_student` VALUES ('71', 'Student#71', '1', '1994-07-27', '13990336672', '温州', '72', '2019-02-26');
INSERT INTO `tb_student` VALUES ('72', 'Student#72', '1', '1991-07-22', '13947495903', '上海', '19', '2019-08-12');
INSERT INTO `tb_student` VALUES ('73', 'Student#73', '0', '1993-08-19', '13335867620', '上海', '80', '2019-10-20');
INSERT INTO `tb_student` VALUES ('74', 'Student#74', '0', '1994-10-14', '13695425797', '襄阳', '88', '2019-04-16');
INSERT INTO `tb_student` VALUES ('75', 'Student#75', '1', '1991-09-20', '13780084341', '广州', '42', '2019-09-03');
INSERT INTO `tb_student` VALUES ('76', 'Student#76', '0', '1990-12-05', '13444426386', '十堰', '48', '2019-06-11');
INSERT INTO `tb_student` VALUES ('77', 'Student#77', '0', '1992-03-02', '13616982525', '六安', '60', '2019-02-23');
INSERT INTO `tb_student` VALUES ('78', 'Student#78', '0', '1992-05-13', '13725930393', '上海', '82', '2019-08-20');
INSERT INTO `tb_student` VALUES ('79', 'Student#79', '1', '1990-04-23', '13620309465', '温州', '25', '2019-06-21');
INSERT INTO `tb_student` VALUES ('80', 'Student#80', '0', '1992-09-13', '13921133408', '十堰', '27', '2019-11-15');
INSERT INTO `tb_student` VALUES ('81', 'Student#81', '0', '1995-09-11', '13841379126', '十堰', '46', '2019-05-26');
INSERT INTO `tb_student` VALUES ('82', 'Student#82', '1', '1992-03-01', '13937301095', '武汉', '86', '2019-03-15');
INSERT INTO `tb_student` VALUES ('83', 'Student#83', '1', '1991-04-16', '13562525947', '十堰', '71', '2019-01-01');
INSERT INTO `tb_student` VALUES ('84', 'Student#84', '0', '1991-03-17', '13582752653', '武汉', '44', '2019-01-16');
INSERT INTO `tb_student` VALUES ('85', 'Student#85', '1', '1995-11-19', '13981299585', '十堰', '48', '2019-11-27');
INSERT INTO `tb_student` VALUES ('86', 'Student#86', '1', '1992-11-23', '13767895242', '武汉', '2', '2019-10-23');
INSERT INTO `tb_student` VALUES ('87', 'Student#87', '0', '1990-05-23', '13324425160', '深圳', '87', '2019-09-12');
INSERT INTO `tb_student` VALUES ('88', 'Student#88', '1', '1995-11-10', '13348260163', '长沙', '31', '2019-03-10');
INSERT INTO `tb_student` VALUES ('89', 'Student#89', '0', '1991-03-07', '13334337757', '武汉', '76', '2019-01-16');
INSERT INTO `tb_student` VALUES ('90', 'Student#90', '1', '1993-05-07', '13784297773', '六安', '84', '2019-05-20');
INSERT INTO `tb_student` VALUES ('91', 'Student#91', '0', '1991-02-19', '13918231537', '武汉', '1', '2019-11-06');
INSERT INTO `tb_student` VALUES ('92', 'Student#92', '0', '1992-04-06', '13656365900', '襄阳', '99', '2019-09-14');
INSERT INTO `tb_student` VALUES ('93', 'Student#93', '0', '1994-04-28', '13145927963', '广州', '88', '2019-08-10');
INSERT INTO `tb_student` VALUES ('94', 'Student#94', '0', '1994-05-21', '13751340997', '长沙', '70', '2019-02-23');
INSERT INTO `tb_student` VALUES ('95', 'Student#95', '0', '1993-09-16', '13599763706', '长沙', '49', '2019-03-24');
INSERT INTO `tb_student` VALUES ('96', 'Student#96', '0', '1991-03-29', '13650163397', '广州', '94', '2019-05-18');
INSERT INTO `tb_student` VALUES ('97', 'Student#97', '0', '1995-02-26', '13423185368', '襄阳', '40', '2019-11-20');
INSERT INTO `tb_student` VALUES ('98', 'Student#98', '1', '1993-01-15', '13552363467', '广州', '40', '2019-05-28');
INSERT INTO `tb_student` VALUES ('99', 'Student#99', '1', '1990-08-03', '13428373853', '武汉', '72', '2019-10-20');
INSERT INTO `tb_student` VALUES ('100', 'Student#100', '1', '1991-05-26', '13197298258', '温州', '12', '2019-08-18');
INSERT INTO `tb_student` VALUES ('101', 'Student#101', '0', '1995-03-25', '13672616263', '重庆', '34', '2019-02-19');
INSERT INTO `tb_student` VALUES ('102', 'Student#102', '1', '1991-03-08', '13162280881', '平顶山', '62', '2019-09-26');
INSERT INTO `tb_student` VALUES ('103', 'Student#103', '0', '1992-02-13', '13244695608', '重庆', '61', '2019-05-09');
INSERT INTO `tb_student` VALUES ('104', 'Student#104', '1', '1990-10-07', '13316080335', '深圳', '41', '2019-01-14');
INSERT INTO `tb_student` VALUES ('105', 'Student#105', '0', '1993-02-22', '13273412829', '长沙', '17', '2019-11-23');
INSERT INTO `tb_student` VALUES ('106', 'Student#106', '1', '1992-12-09', '13453145078', '郑州', '24', '2019-07-25');
INSERT INTO `tb_student` VALUES ('107', 'Student#107', '1', '1995-07-29', '13597216409', '平顶山', '22', '2019-04-12');
INSERT INTO `tb_student` VALUES ('108', 'Student#108', '1', '1995-10-07', '13461086034', '重庆', '47', '2019-10-10');
INSERT INTO `tb_student` VALUES ('109', 'Student#109', '0', '1994-05-09', '13976873728', '郑州', '76', '2019-04-13');
INSERT INTO `tb_student` VALUES ('110', 'Student#110', '0', '1993-06-26', '13452420549', '长沙', '40', '2019-05-25');
INSERT INTO `tb_student` VALUES ('111', 'Student#111', '1', '1995-06-06', '13799862337', '郑州', '24', '2019-11-16');
INSERT INTO `tb_student` VALUES ('112', 'Student#112', '1', '1991-09-24', '13270690948', '温州', '83', '2019-05-13');
INSERT INTO `tb_student` VALUES ('113', 'Student#113', '0', '1992-12-24', '13621198138', '武汉', '97', '2019-03-05');
INSERT INTO `tb_student` VALUES ('114', 'Student#114', '0', '1992-06-13', '13958952778', '温州', '18', '2019-08-02');
INSERT INTO `tb_student` VALUES ('115', 'Student#115', '0', '1994-06-11', '13337809707', '襄阳', '12', '2019-12-02');
INSERT INTO `tb_student` VALUES ('116', 'Student#116', '1', '1992-09-26', '13552529846', '深圳', '26', '2019-02-18');
INSERT INTO `tb_student` VALUES ('117', 'Student#117', '1', '1995-07-25', '13965741752', '', '2', '2019-02-16');
INSERT INTO `tb_student` VALUES ('118', 'Student#118', '0', '1992-05-04', '13328931062', '温州', '84', '2019-01-23');
INSERT INTO `tb_student` VALUES ('119', 'Student#119', '0', '1992-06-13', '13228757996', '武汉', '17', '2019-01-02');
INSERT INTO `tb_student` VALUES ('120', 'Student#120', '1', '1993-05-12', '13979521538', '武汉', '82', '2019-01-19');
INSERT INTO `tb_student` VALUES ('121', 'Student#121', '0', '1991-12-20', '13698865600', '上海', '6', '2019-05-11');
INSERT INTO `tb_student` VALUES ('122', 'Student#122', '1', '1995-02-15', '13526409985', '武汉', '85', '2019-10-15');
INSERT INTO `tb_student` VALUES ('123', 'Student#123', '0', '1994-08-15', '13267720697', '北京', '82', '2019-06-28');
INSERT INTO `tb_student` VALUES ('124', 'Student#124', '0', '1990-07-06', '13329626741', '武汉', '43', '2019-09-08');
INSERT INTO `tb_student` VALUES ('125', 'Student#125', '0', '1992-06-27', '13596485548', '平顶山', '63', '2019-10-08');
INSERT INTO `tb_student` VALUES ('126', 'Student#126', '1', '1994-08-06', '13990001739', '十堰', '50', '2019-08-17');
INSERT INTO `tb_student` VALUES ('127', 'Student#127', '0', '1990-02-03', '13145219151', '温州', '92', '2019-06-15');
INSERT INTO `tb_student` VALUES ('128', 'Student#128', '0', '1994-11-18', '13618430431', '温州', '51', '2019-06-26');
INSERT INTO `tb_student` VALUES ('129', 'Student#129', '0', '1994-03-04', '13827955662', '襄阳', '44', '2019-09-30');
INSERT INTO `tb_student` VALUES ('130', 'Student#130', '1', '1992-03-07', '13352993669', '十堰', '32', '2019-08-30');
INSERT INTO `tb_student` VALUES ('131', 'Student#131', '1', '1994-12-09', '13867997055', '武汉', '64', '2019-04-02');
INSERT INTO `tb_student` VALUES ('132', 'Student#132', '0', '1995-01-15', '13479301828', '郑州', '43', '2019-03-25');
INSERT INTO `tb_student` VALUES ('133', 'Student#133', '0', '1990-10-02', '13774975662', '郑州', '59', '2019-08-12');
INSERT INTO `tb_student` VALUES ('134', 'Student#134', '1', '1995-02-18', '13569401090', '深圳', '28', '2019-03-15');
INSERT INTO `tb_student` VALUES ('135', 'Student#135', '0', '1993-12-20', '13950478395', '温州', '77', '2019-02-13');
INSERT INTO `tb_student` VALUES ('136', 'Student#136', '0', '1991-12-21', '13328923998', '深圳', '2', '2019-07-13');
INSERT INTO `tb_student` VALUES ('137', 'Student#137', '0', '1992-11-13', '13560778026', '深圳', '49', '2019-12-14');
INSERT INTO `tb_student` VALUES ('138', 'Student#138', '0', '1991-03-14', '13332980726', '温州', '87', '2019-08-19');
INSERT INTO `tb_student` VALUES ('139', 'Student#139', '0', '1992-02-02', '13774929155', '北京', '35', '2019-01-22');
INSERT INTO `tb_student` VALUES ('140', 'Student#140', '1', '1994-12-27', '13578737719', '温州', '19', '2019-05-09');
INSERT INTO `tb_student` VALUES ('141', 'Student#141', '0', '1990-08-16', '13294218789', '十堰', '66', '2019-12-19');
INSERT INTO `tb_student` VALUES ('142', 'Student#142', '0', '1995-03-23', '13477543979', '广州', '51', '2019-02-05');
INSERT INTO `tb_student` VALUES ('143', 'Student#143', '1', '1994-05-06', '13754997233', '重庆', '27', '2019-11-23');
INSERT INTO `tb_student` VALUES ('144', 'Student#144', '0', '1990-07-14', '13596329862', '襄阳', '72', '2019-04-12');
INSERT INTO `tb_student` VALUES ('145', 'Student#145', '0', '1995-12-13', '13139348904', '', '69', '2019-06-18');
INSERT INTO `tb_student` VALUES ('146', 'Student#146', '1', '1991-06-27', '13486849262', '襄阳', '50', '2019-01-12');
INSERT INTO `tb_student` VALUES ('147', 'Student#147', '1', '1993-08-09', '13751520989', '', '28', '2019-11-17');
INSERT INTO `tb_student` VALUES ('148', 'Student#148', '0', '1994-03-22', '13986753380', '长沙', '79', '2019-03-25');
INSERT INTO `tb_student` VALUES ('149', 'Student#149', '1', '1990-05-22', '13696264915', '十堰', '30', '2019-07-17');
INSERT INTO `tb_student` VALUES ('150', 'Student#150', '1', '1990-07-19', '13682878623', '', '55', '2019-05-18');
INSERT INTO `tb_student` VALUES ('151', 'Student#151', '0', '1992-07-04', '13981805286', '重庆', '97', '2019-08-31');
INSERT INTO `tb_student` VALUES ('152', 'Student#152', '1', '1995-07-10', '13985863964', '', '36', '2019-05-15');
INSERT INTO `tb_student` VALUES ('153', 'Student#153', '0', '1993-06-03', '13485964745', '广州', '69', '2019-03-13');
INSERT INTO `tb_student` VALUES ('154', 'Student#154', '0', '1994-03-20', '13242042992', '温州', '93', '2019-03-05');
INSERT INTO `tb_student` VALUES ('155', 'Student#155', '0', '1993-01-25', '13848805817', '六安', '52', '2019-03-30');
INSERT INTO `tb_student` VALUES ('156', 'Student#156', '0', '1995-06-15', '13723319785', '六安', '16', '2019-07-24');
INSERT INTO `tb_student` VALUES ('157', 'Student#157', '1', '1994-11-28', '13443094290', '北京', '81', '2019-07-08');
INSERT INTO `tb_student` VALUES ('158', 'Student#158', '1', '1993-01-04', '13326133886', '郑州', '35', '2019-05-30');
INSERT INTO `tb_student` VALUES ('159', 'Student#159', '1', '1994-03-26', '13610012713', '六安', '81', '2019-01-01');
INSERT INTO `tb_student` VALUES ('160', 'Student#160', '0', '1993-05-11', '13819138266', '深圳', '19', '2019-10-22');
INSERT INTO `tb_student` VALUES ('161', 'Student#161', '1', '1994-04-08', '13563317979', '', '97', '2019-08-26');
INSERT INTO `tb_student` VALUES ('162', 'Student#162', '1', '1993-06-04', '13469740923', '襄阳', '25', '2019-03-25');
INSERT INTO `tb_student` VALUES ('163', 'Student#163', '0', '1995-12-14', '13438467999', '郑州', '53', '2019-11-25');
INSERT INTO `tb_student` VALUES ('164', 'Student#164', '1', '1990-02-01', '13727264749', '长沙', '69', '2019-07-07');
INSERT INTO `tb_student` VALUES ('165', 'Student#165', '1', '1993-09-13', '13584319658', '六安', '18', '2019-02-17');
INSERT INTO `tb_student` VALUES ('166', 'Student#166', '1', '1992-08-03', '13164431667', '郑州', '23', '2019-12-17');
INSERT INTO `tb_student` VALUES ('167', 'Student#167', '1', '1993-06-17', '13386219883', '十堰', '82', '2019-06-05');
INSERT INTO `tb_student` VALUES ('168', 'Student#168', '1', '1990-09-04', '13512574135', '北京', '68', '2019-12-13');
INSERT INTO `tb_student` VALUES ('169', 'Student#169', '0', '1992-06-04', '13549946852', '十堰', '61', '2019-09-21');
INSERT INTO `tb_student` VALUES ('170', 'Student#170', '1', '1992-06-25', '13494195654', '武汉', '37', '2019-08-13');
INSERT INTO `tb_student` VALUES ('171', 'Student#171', '0', '1992-10-28', '13849881360', '郑州', '48', '2019-06-08');
INSERT INTO `tb_student` VALUES ('172', 'Student#172', '0', '1990-03-12', '13171540831', '十堰', '13', '2019-08-29');
INSERT INTO `tb_student` VALUES ('173', 'Student#173', '1', '1995-12-14', '13771155938', '平顶山', '82', '2019-03-03');
INSERT INTO `tb_student` VALUES ('174', 'Student#174', '0', '1990-10-19', '13596760541', '十堰', '58', '2019-07-24');
INSERT INTO `tb_student` VALUES ('175', 'Student#175', '0', '1993-12-09', '13319698395', '襄阳', '17', '2019-05-30');
INSERT INTO `tb_student` VALUES ('176', 'Student#176', '0', '1994-06-04', '13452837427', '长沙', '78', '2019-08-28');
INSERT INTO `tb_student` VALUES ('177', 'Student#177', '0', '1995-11-10', '13698829658', '十堰', '74', '2019-02-15');
INSERT INTO `tb_student` VALUES ('178', 'Student#178', '1', '1995-08-13', '13280545669', '重庆', '74', '2019-09-05');
INSERT INTO `tb_student` VALUES ('179', 'Student#179', '0', '1993-11-22', '13798869726', '', '70', '2019-10-01');
INSERT INTO `tb_student` VALUES ('180', 'Student#180', '1', '1994-01-08', '13830785079', '六安', '85', '2019-08-10');
INSERT INTO `tb_student` VALUES ('181', 'Student#181', '1', '1995-01-06', '13758694822', '长沙', '29', '2019-05-13');
INSERT INTO `tb_student` VALUES ('182', 'Student#182', '0', '1992-09-30', '13954043430', '十堰', '23', '2019-01-31');
INSERT INTO `tb_student` VALUES ('183', 'Student#183', '1', '1993-07-30', '13220564163', '郑州', '44', '2019-05-29');
INSERT INTO `tb_student` VALUES ('184', 'Student#184', '0', '1991-09-03', '13476055503', '襄阳', '51', '2019-01-03');
INSERT INTO `tb_student` VALUES ('185', 'Student#185', '0', '1992-01-23', '13624828931', '', '19', '2019-11-05');
INSERT INTO `tb_student` VALUES ('186', 'Student#186', '1', '1992-04-04', '13598771295', '武汉', '90', '2019-03-27');
INSERT INTO `tb_student` VALUES ('187', 'Student#187', '1', '1990-01-30', '13164892233', '襄阳', '46', '2019-08-24');
INSERT INTO `tb_student` VALUES ('188', 'Student#188', '0', '1990-01-12', '13871870995', '长沙', '70', '2019-08-04');
INSERT INTO `tb_student` VALUES ('189', 'Student#189', '1', '1994-11-12', '13421930162', '六安', '2', '2019-10-29');
INSERT INTO `tb_student` VALUES ('190', 'Student#190', '1', '1994-06-24', '13181845146', '武汉', '3', '2019-12-24');
INSERT INTO `tb_student` VALUES ('191', 'Student#191', '1', '1994-05-22', '13793026992', '六安', '93', '2019-06-17');
INSERT INTO `tb_student` VALUES ('192', 'Student#192', '1', '1992-03-22', '13795016909', '深圳', '87', '2019-06-03');
INSERT INTO `tb_student` VALUES ('193', 'Student#193', '1', '1994-01-03', '13733345696', '郑州', '43', '2019-06-14');
INSERT INTO `tb_student` VALUES ('194', 'Student#194', '0', '1994-07-26', '13190819849', '深圳', '19', '2019-12-02');
INSERT INTO `tb_student` VALUES ('195', 'Student#195', '0', '1994-09-15', '13381082331', '平顶山', '13', '2019-06-08');
INSERT INTO `tb_student` VALUES ('196', 'Student#196', '1', '1990-08-21', '13774444401', '武汉', '47', '2019-07-24');
INSERT INTO `tb_student` VALUES ('197', 'Student#197', '1', '1992-12-21', '13491248631', '平顶山', '34', '2019-01-06');
INSERT INTO `tb_student` VALUES ('198', 'Student#198', '1', '1991-02-13', '13526703295', '襄阳', '4', '2019-04-29');
INSERT INTO `tb_student` VALUES ('199', 'Student#199', '0', '1991-04-07', '13944061168', '襄阳', '32', '2019-12-28');
INSERT INTO `tb_student` VALUES ('200', 'Student#200', '1', '1993-02-22', '13725061060', '武汉', '70', '2019-01-20');
INSERT INTO `tb_student` VALUES ('201', 'Student#201', '1', '1990-01-19', '13532810648', '北京', '30', '2019-03-01');
INSERT INTO `tb_student` VALUES ('202', 'Student#202', '1', '1994-05-13', '13629501192', '平顶山', '75', '2019-04-23');
INSERT INTO `tb_student` VALUES ('203', 'Student#203', '1', '1995-03-02', '13214932486', '', '34', '2019-07-03');
INSERT INTO `tb_student` VALUES ('204', 'Student#204', '1', '1995-05-23', '13593731437', '长沙', '72', '2019-05-11');
INSERT INTO `tb_student` VALUES ('205', 'Student#205', '0', '1993-11-20', '13828366498', '温州', '3', '2019-02-14');
INSERT INTO `tb_student` VALUES ('206', 'Student#206', '1', '1993-09-19', '13186308266', '郑州', '21', '2019-06-28');
INSERT INTO `tb_student` VALUES ('207', 'Student#207', '1', '1995-03-29', '13765316340', '郑州', '50', '2019-05-28');
INSERT INTO `tb_student` VALUES ('208', 'Student#208', '1', '1992-04-23', '13278757152', '十堰', '55', '2019-01-09');
INSERT INTO `tb_student` VALUES ('209', 'Student#209', '1', '1990-10-22', '13882382139', '武汉', '37', '2019-09-26');
INSERT INTO `tb_student` VALUES ('210', 'Student#210', '1', '1990-07-22', '13369028889', '上海', '67', '2019-11-16');
INSERT INTO `tb_student` VALUES ('211', 'Student#211', '1', '1991-07-15', '13642056050', '北京', '65', '2019-11-06');
INSERT INTO `tb_student` VALUES ('212', 'Student#212', '0', '1990-09-06', '13512728135', '深圳', '37', '2019-02-06');
INSERT INTO `tb_student` VALUES ('213', 'Student#213', '1', '1995-11-21', '13165304876', '广州', '80', '2019-08-08');
INSERT INTO `tb_student` VALUES ('214', 'Student#214', '1', '1990-02-28', '13210037613', '广州', '70', '2019-04-29');
INSERT INTO `tb_student` VALUES ('215', 'Student#215', '0', '1992-04-25', '13872893278', '襄阳', '49', '2019-06-13');
INSERT INTO `tb_student` VALUES ('216', 'Student#216', '0', '1990-10-13', '13832395350', '', '61', '2019-08-28');
INSERT INTO `tb_student` VALUES ('217', 'Student#217', '1', '1994-09-11', '13458439442', '长沙', '86', '2019-03-03');
INSERT INTO `tb_student` VALUES ('218', 'Student#218', '1', '1992-10-22', '13851079054', '六安', '31', '2019-09-17');
INSERT INTO `tb_student` VALUES ('219', 'Student#219', '1', '1992-02-09', '13515976444', '重庆', '88', '2019-03-24');
INSERT INTO `tb_student` VALUES ('220', 'Student#220', '0', '1992-05-21', '13373736228', '上海', '21', '2019-02-27');
INSERT INTO `tb_student` VALUES ('221', 'Student#221', '1', '1992-02-21', '13495200779', '襄阳', '44', '2019-09-13');
INSERT INTO `tb_student` VALUES ('222', 'Student#222', '0', '1990-08-18', '13350287913', '', '19', '2019-03-04');
INSERT INTO `tb_student` VALUES ('223', 'Student#223', '0', '1991-10-27', '13794902302', '平顶山', '73', '2019-09-30');
INSERT INTO `tb_student` VALUES ('224', 'Student#224', '1', '1995-12-20', '13981699752', '长沙', '48', '2019-06-19');
INSERT INTO `tb_student` VALUES ('225', 'Student#225', '0', '1991-12-31', '13368547922', '广州', '8', '2019-10-26');
INSERT INTO `tb_student` VALUES ('226', 'Student#226', '1', '1993-04-03', '13419135492', '长沙', '7', '2019-07-20');
INSERT INTO `tb_student` VALUES ('227', 'Student#227', '0', '1994-10-28', '13598650438', '襄阳', '7', '2019-03-27');
INSERT INTO `tb_student` VALUES ('228', 'Student#228', '0', '1992-03-25', '13220222113', '十堰', '54', '2019-02-03');
INSERT INTO `tb_student` VALUES ('229', 'Student#229', '1', '1990-11-26', '13269169435', '重庆', '54', '2019-05-19');
INSERT INTO `tb_student` VALUES ('230', 'Student#230', '1', '1994-04-02', '13156758978', '十堰', '10', '2019-08-08');
INSERT INTO `tb_student` VALUES ('231', 'Student#231', '0', '1993-06-19', '13299231256', '重庆', '35', '2019-05-02');
INSERT INTO `tb_student` VALUES ('232', 'Student#232', '1', '1990-01-13', '13522109460', '十堰', '64', '2019-02-17');
INSERT INTO `tb_student` VALUES ('233', 'Student#233', '1', '1991-10-19', '13665959194', '平顶山', '86', '2019-04-26');
INSERT INTO `tb_student` VALUES ('234', 'Student#234', '0', '1991-05-02', '13880360472', '十堰', '64', '2019-09-02');
INSERT INTO `tb_student` VALUES ('235', 'Student#235', '0', '1994-05-10', '13580540341', '温州', '67', '2019-04-28');
INSERT INTO `tb_student` VALUES ('236', 'Student#236', '0', '1993-03-18', '13496682422', '上海', '46', '2019-06-22');
INSERT INTO `tb_student` VALUES ('237', 'Student#237', '1', '1994-09-05', '13969715828', '温州', '39', '2019-05-07');
INSERT INTO `tb_student` VALUES ('238', 'Student#238', '0', '1991-12-24', '13121890481', '襄阳', '75', '2019-02-09');
INSERT INTO `tb_student` VALUES ('239', 'Student#239', '0', '1990-06-29', '13371468525', '六安', '58', '2019-02-10');
INSERT INTO `tb_student` VALUES ('240', 'Student#240', '1', '1994-11-09', '13656264365', '郑州', '2', '2019-01-30');
INSERT INTO `tb_student` VALUES ('241', 'Student#241', '0', '1991-09-01', '13162647943', '深圳', '57', '2019-06-19');
INSERT INTO `tb_student` VALUES ('242', 'Student#242', '1', '1991-10-16', '13126021388', '重庆', '45', '2019-12-19');
INSERT INTO `tb_student` VALUES ('243', 'Student#243', '1', '1993-01-09', '13234888452', '襄阳', '71', '2019-12-05');
INSERT INTO `tb_student` VALUES ('244', 'Student#244', '0', '1994-01-03', '13591913509', '广州', '10', '2019-07-26');
INSERT INTO `tb_student` VALUES ('245', 'Student#245', '1', '1991-06-28', '13777666663', '武汉', '78', '2019-02-14');
INSERT INTO `tb_student` VALUES ('246', 'Student#246', '0', '1992-02-19', '13790266434', '温州', '78', '2019-10-02');
INSERT INTO `tb_student` VALUES ('247', 'Student#247', '1', '1992-12-12', '13556349463', '广州', '37', '2019-09-13');
INSERT INTO `tb_student` VALUES ('248', 'Student#248', '1', '1990-02-05', '13855142249', '重庆', '74', '2019-01-28');
INSERT INTO `tb_student` VALUES ('249', 'Student#249', '1', '1992-02-24', '13180425670', '温州', '46', '2019-10-21');
INSERT INTO `tb_student` VALUES ('250', 'Student#250', '0', '1994-02-01', '13361856574', '深圳', '22', '2019-12-07');
INSERT INTO `tb_student` VALUES ('251', 'Student#251', '1', '1993-06-19', '13592286444', '郑州', '9', '2019-07-09');
INSERT INTO `tb_student` VALUES ('252', 'Student#252', '0', '1990-07-07', '13431500658', '郑州', '22', '2019-02-10');
INSERT INTO `tb_student` VALUES ('253', 'Student#253', '1', '1990-01-08', '13676731481', '长沙', '84', '2019-12-17');
INSERT INTO `tb_student` VALUES ('254', 'Student#254', '0', '1993-12-23', '13944254954', '广州', '8', '2019-12-22');
INSERT INTO `tb_student` VALUES ('255', 'Student#255', '1', '1994-02-05', '13259447663', '郑州', '12', '2019-12-16');
INSERT INTO `tb_student` VALUES ('256', 'Student#256', '0', '1994-11-04', '13716533129', '长沙', '15', '2019-09-13');
INSERT INTO `tb_student` VALUES ('257', 'Student#257', '0', '1993-11-16', '13511594264', '武汉', '80', '2019-09-27');
INSERT INTO `tb_student` VALUES ('258', 'Student#258', '0', '1995-04-03', '13726414387', '北京', '90', '2019-03-13');
INSERT INTO `tb_student` VALUES ('259', 'Student#259', '0', '1992-12-01', '13716041230', '上海', '55', '2019-06-10');
INSERT INTO `tb_student` VALUES ('260', 'Student#260', '0', '1992-05-09', '13598514290', '平顶山', '4', '2019-10-09');
INSERT INTO `tb_student` VALUES ('261', 'Student#261', '1', '1993-03-16', '13832385616', '襄阳', '36', '2019-12-12');
INSERT INTO `tb_student` VALUES ('262', 'Student#262', '0', '1990-04-22', '13346514974', '襄阳', '60', '2019-05-20');
INSERT INTO `tb_student` VALUES ('263', 'Student#263', '1', '1991-11-30', '13433344630', '平顶山', '5', '2019-09-11');
INSERT INTO `tb_student` VALUES ('264', 'Student#264', '1', '1992-08-23', '13385114073', '六安', '19', '2019-06-16');
INSERT INTO `tb_student` VALUES ('265', 'Student#265', '1', '1993-11-03', '13243042124', '六安', '14', '2019-08-04');
INSERT INTO `tb_student` VALUES ('266', 'Student#266', '1', '1992-07-13', '13228277452', '郑州', '99', '2019-10-20');
INSERT INTO `tb_student` VALUES ('267', 'Student#267', '1', '1993-11-10', '13163785838', '襄阳', '94', '2019-03-31');
INSERT INTO `tb_student` VALUES ('268', 'Student#268', '0', '1993-06-27', '13796920302', '六安', '93', '2019-08-19');
INSERT INTO `tb_student` VALUES ('269', 'Student#269', '0', '1991-08-06', '13780871714', '六安', '80', '2019-04-06');
INSERT INTO `tb_student` VALUES ('270', 'Student#270', '1', '1995-10-19', '13296706224', '郑州', '91', '2019-01-27');
INSERT INTO `tb_student` VALUES ('271', 'Student#271', '1', '1995-10-31', '13136058914', '深圳', '60', '2019-08-06');
INSERT INTO `tb_student` VALUES ('272', 'Student#272', '0', '1991-09-28', '13499984568', '重庆', '53', '2019-02-28');
INSERT INTO `tb_student` VALUES ('273', 'Student#273', '1', '1994-06-13', '13418844574', '温州', '84', '2019-04-16');
INSERT INTO `tb_student` VALUES ('274', 'Student#274', '0', '1994-11-02', '13372058240', '重庆', '32', '2019-08-03');
INSERT INTO `tb_student` VALUES ('275', 'Student#275', '0', '1990-08-26', '13627465970', '', '7', '2019-12-20');
INSERT INTO `tb_student` VALUES ('276', 'Student#276', '0', '1992-05-29', '13433494153', '十堰', '14', '2019-04-13');
INSERT INTO `tb_student` VALUES ('277', 'Student#277', '0', '1994-03-26', '13710357167', '襄阳', '41', '2019-07-09');
INSERT INTO `tb_student` VALUES ('278', 'Student#278', '0', '1992-04-16', '13462264620', '武汉', '17', '2019-11-23');
INSERT INTO `tb_student` VALUES ('279', 'Student#279', '1', '1994-08-03', '13648364255', '广州', '66', '2019-12-12');
INSERT INTO `tb_student` VALUES ('280', 'Student#280', '0', '1994-09-10', '13333881068', '郑州', '27', '2019-03-23');
INSERT INTO `tb_student` VALUES ('281', 'Student#281', '0', '1994-08-27', '13263794961', '六安', '89', '2019-09-17');
INSERT INTO `tb_student` VALUES ('282', 'Student#282', '1', '1994-10-10', '13717908047', '长沙', '20', '2019-05-02');
INSERT INTO `tb_student` VALUES ('283', 'Student#283', '0', '1993-06-06', '13233947009', '襄阳', '60', '2019-08-13');
INSERT INTO `tb_student` VALUES ('284', 'Student#284', '0', '1990-06-08', '13863283402', '十堰', '97', '2019-02-06');
INSERT INTO `tb_student` VALUES ('285', 'Student#285', '1', '1995-02-17', '13149858569', '郑州', '66', '2019-04-28');
INSERT INTO `tb_student` VALUES ('286', 'Student#286', '1', '1990-11-05', '13667643971', '上海', '71', '2019-11-07');
INSERT INTO `tb_student` VALUES ('287', 'Student#287', '1', '1994-11-11', '13988297090', '重庆', '36', '2019-02-02');
INSERT INTO `tb_student` VALUES ('288', 'Student#288', '0', '1992-10-13', '13234010555', '长沙', '4', '2019-01-17');
INSERT INTO `tb_student` VALUES ('289', 'Student#289', '0', '1992-02-20', '13257560658', '重庆', '92', '2019-08-06');
INSERT INTO `tb_student` VALUES ('290', 'Student#290', '1', '1995-09-26', '13412526351', '温州', '74', '2019-04-02');
INSERT INTO `tb_student` VALUES ('291', 'Student#291', '0', '1995-01-11', '13111650028', '十堰', '45', '2019-11-03');
INSERT INTO `tb_student` VALUES ('292', 'Student#292', '0', '1995-09-01', '13468025006', '上海', '88', '2019-10-27');
INSERT INTO `tb_student` VALUES ('293', 'Student#293', '1', '1992-04-16', '13747370414', '武汉', '55', '2019-04-17');
INSERT INTO `tb_student` VALUES ('294', 'Student#294', '0', '1993-06-28', '13937465788', '重庆', '97', '2019-10-28');
INSERT INTO `tb_student` VALUES ('295', 'Student#295', '1', '1995-06-01', '13482044918', '十堰', '84', '2019-02-07');
INSERT INTO `tb_student` VALUES ('296', 'Student#296', '0', '1993-01-21', '13724836998', '襄阳', '38', '2019-05-05');
INSERT INTO `tb_student` VALUES ('297', 'Student#297', '0', '1990-05-09', '13777812483', '重庆', '8', '2019-06-24');
INSERT INTO `tb_student` VALUES ('298', 'Student#298', '0', '1990-06-04', '13596814852', '长沙', '8', '2019-10-02');
INSERT INTO `tb_student` VALUES ('299', 'Student#299', '1', '1994-01-26', '13188095623', '十堰', '90', '2019-02-16');
INSERT INTO `tb_student` VALUES ('300', 'Student#300', '0', '1994-09-24', '13614297502', '平顶山', '64', '2019-12-09');
INSERT INTO `tb_student` VALUES ('301', 'Student#301', '0', '1995-11-05', '13544807479', '武汉', '45', '2019-09-09');
INSERT INTO `tb_student` VALUES ('302', 'Student#302', '1', '1995-02-09', '13742353490', '郑州', '95', '2019-02-18');
INSERT INTO `tb_student` VALUES ('303', 'Student#303', '0', '1994-07-13', '13619239584', '重庆', '42', '2019-06-07');
INSERT INTO `tb_student` VALUES ('304', 'Student#304', '1', '1990-09-27', '13921812804', '六安', '76', '2019-03-07');
INSERT INTO `tb_student` VALUES ('305', 'Student#305', '1', '1992-07-05', '13234515570', '上海', '94', '2019-10-31');
INSERT INTO `tb_student` VALUES ('306', 'Student#306', '1', '1993-11-13', '13658524960', '北京', '39', '2019-03-15');
INSERT INTO `tb_student` VALUES ('307', 'Student#307', '1', '1990-06-12', '13288471025', '北京', '82', '2019-06-26');
INSERT INTO `tb_student` VALUES ('308', 'Student#308', '1', '1994-09-07', '13978492091', '武汉', '4', '2019-01-30');
INSERT INTO `tb_student` VALUES ('309', 'Student#309', '1', '1995-12-08', '13794420875', '上海', '19', '2019-08-28');
INSERT INTO `tb_student` VALUES ('310', 'Student#310', '1', '1994-02-24', '13619950422', '温州', '85', '2019-03-27');
INSERT INTO `tb_student` VALUES ('311', 'Student#311', '1', '1990-07-18', '13635991905', '北京', '63', '2019-09-26');
INSERT INTO `tb_student` VALUES ('312', 'Student#312', '0', '1991-06-21', '13944656163', '襄阳', '28', '2019-10-12');
INSERT INTO `tb_student` VALUES ('313', 'Student#313', '1', '1990-09-14', '13465517113', '长沙', '36', '2019-11-01');
INSERT INTO `tb_student` VALUES ('314', 'Student#314', '0', '1993-01-25', '13674911737', '', '38', '2019-04-26');
INSERT INTO `tb_student` VALUES ('315', 'Student#315', '1', '1993-12-24', '13119489582', '温州', '35', '2019-08-06');
INSERT INTO `tb_student` VALUES ('316', 'Student#316', '0', '1994-06-13', '13661055873', '平顶山', '43', '2019-05-05');
INSERT INTO `tb_student` VALUES ('317', 'Student#317', '1', '1994-07-22', '13532729110', '武汉', '71', '2019-12-10');
INSERT INTO `tb_student` VALUES ('318', 'Student#318', '1', '1993-07-14', '13920719692', '六安', '48', '2019-01-03');
INSERT INTO `tb_student` VALUES ('319', 'Student#319', '1', '1991-07-16', '13634157804', '郑州', '31', '2019-02-22');
INSERT INTO `tb_student` VALUES ('320', 'Student#320', '1', '1991-05-13', '13960299204', '', '30', '2019-07-22');
INSERT INTO `tb_student` VALUES ('321', 'Student#321', '1', '1991-11-17', '13918738853', '武汉', '23', '2019-02-08');
INSERT INTO `tb_student` VALUES ('322', 'Student#322', '1', '1990-11-27', '13572931040', '上海', '33', '2019-04-03');
INSERT INTO `tb_student` VALUES ('323', 'Student#323', '0', '1993-05-06', '13883958591', '温州', '85', '2019-02-14');
INSERT INTO `tb_student` VALUES ('324', 'Student#324', '0', '1995-10-30', '13952960313', '武汉', '24', '2019-08-17');
INSERT INTO `tb_student` VALUES ('325', 'Student#325', '1', '1993-12-02', '13662177268', '郑州', '87', '2019-04-02');
INSERT INTO `tb_student` VALUES ('326', 'Student#326', '0', '1995-09-30', '13386487835', '北京', '49', '2019-10-21');
INSERT INTO `tb_student` VALUES ('327', 'Student#327', '0', '1993-09-18', '13351908429', '平顶山', '19', '2019-09-17');
INSERT INTO `tb_student` VALUES ('328', 'Student#328', '1', '1994-01-23', '13968379185', '郑州', '83', '2019-01-26');
INSERT INTO `tb_student` VALUES ('329', 'Student#329', '0', '1995-08-02', '13512039192', '温州', '14', '2019-12-10');
INSERT INTO `tb_student` VALUES ('330', 'Student#330', '0', '1995-01-13', '13936818483', '深圳', '16', '2019-03-13');
INSERT INTO `tb_student` VALUES ('331', 'Student#331', '0', '1994-01-02', '13840858586', '武汉', '91', '2019-02-04');
INSERT INTO `tb_student` VALUES ('332', 'Student#332', '1', '1993-12-31', '13275433218', '十堰', '2', '2019-11-11');
INSERT INTO `tb_student` VALUES ('333', 'Student#333', '1', '1992-12-05', '13220428877', '温州', '68', '2019-12-11');
INSERT INTO `tb_student` VALUES ('334', 'Student#334', '0', '1991-09-11', '13450663376', '武汉', '41', '2019-03-29');
INSERT INTO `tb_student` VALUES ('335', 'Student#335', '0', '1991-10-30', '13882671919', '平顶山', '24', '2019-07-13');
INSERT INTO `tb_student` VALUES ('336', 'Student#336', '0', '1991-03-12', '13147951184', '长沙', '31', '2019-10-26');
INSERT INTO `tb_student` VALUES ('337', 'Student#337', '0', '1991-12-30', '13146880381', '十堰', '15', '2019-05-30');
INSERT INTO `tb_student` VALUES ('338', 'Student#338', '1', '1995-02-01', '13460252626', '深圳', '34', '2019-03-10');
INSERT INTO `tb_student` VALUES ('339', 'Student#339', '0', '1995-11-16', '13576353177', '', '73', '2019-01-16');
INSERT INTO `tb_student` VALUES ('340', 'Student#340', '0', '1991-09-09', '13129476970', '广州', '62', '2019-02-06');
INSERT INTO `tb_student` VALUES ('341', 'Student#341', '1', '1992-09-08', '13136093397', '襄阳', '91', '2019-08-10');
INSERT INTO `tb_student` VALUES ('342', 'Student#342', '1', '1994-05-11', '13938493995', '长沙', '48', '2019-04-22');
INSERT INTO `tb_student` VALUES ('343', 'Student#343', '0', '1992-09-10', '13120004742', '六安', '98', '2019-06-24');
INSERT INTO `tb_student` VALUES ('344', 'Student#344', '0', '1990-04-24', '13934834019', '六安', '34', '2019-04-02');
INSERT INTO `tb_student` VALUES ('345', 'Student#345', '1', '1994-04-02', '13694876054', '长沙', '83', '2019-09-07');
INSERT INTO `tb_student` VALUES ('346', 'Student#346', '0', '1994-10-14', '13769317606', '武汉', '10', '2019-01-14');
INSERT INTO `tb_student` VALUES ('347', 'Student#347', '1', '1993-05-06', '13428161574', '武汉', '81', '2019-11-21');
INSERT INTO `tb_student` VALUES ('348', 'Student#348', '0', '1991-01-27', '13672532030', '重庆', '57', '2019-12-09');
INSERT INTO `tb_student` VALUES ('349', 'Student#349', '1', '1994-06-20', '13841308141', '六安', '23', '2019-12-21');
INSERT INTO `tb_student` VALUES ('350', 'Student#350', '1', '1995-11-15', '13963183939', '十堰', '17', '2019-09-22');
INSERT INTO `tb_student` VALUES ('351', 'Student#351', '0', '1994-09-30', '13573576860', '十堰', '83', '2019-02-19');
INSERT INTO `tb_student` VALUES ('352', 'Student#352', '0', '1995-03-16', '13412000897', '', '91', '2019-12-25');
INSERT INTO `tb_student` VALUES ('353', 'Student#353', '1', '1991-11-26', '13616495224', '北京', '39', '2019-06-21');
INSERT INTO `tb_student` VALUES ('354', 'Student#354', '0', '1991-11-25', '13511161020', '广州', '88', '2019-08-09');
INSERT INTO `tb_student` VALUES ('355', 'Student#355', '0', '1990-12-12', '13417576263', '六安', '8', '2019-01-06');
INSERT INTO `tb_student` VALUES ('356', 'Student#356', '1', '1993-03-16', '13954254144', '北京', '48', '2019-01-17');
INSERT INTO `tb_student` VALUES ('357', 'Student#357', '1', '1994-03-16', '13250068045', '武汉', '4', '2019-08-05');
INSERT INTO `tb_student` VALUES ('358', 'Student#358', '1', '1991-12-04', '13890073204', '广州', '26', '2019-06-26');
INSERT INTO `tb_student` VALUES ('359', 'Student#359', '0', '1991-10-28', '13212747377', '重庆', '26', '2019-06-16');
INSERT INTO `tb_student` VALUES ('360', 'Student#360', '1', '1993-10-07', '13113417239', '郑州', '1', '2019-12-26');
INSERT INTO `tb_student` VALUES ('361', 'Student#361', '1', '1994-07-03', '13150364339', '广州', '77', '2019-10-22');
INSERT INTO `tb_student` VALUES ('362', 'Student#362', '0', '1991-06-09', '13766147030', '武汉', '95', '2019-10-30');
INSERT INTO `tb_student` VALUES ('363', 'Student#363', '0', '1994-02-23', '13246917558', '襄阳', '80', '2019-01-02');
INSERT INTO `tb_student` VALUES ('364', 'Student#364', '0', '1995-08-16', '13192088899', '武汉', '51', '2019-11-12');
INSERT INTO `tb_student` VALUES ('365', 'Student#365', '1', '1994-06-01', '13378466391', '襄阳', '21', '2019-12-30');
INSERT INTO `tb_student` VALUES ('366', 'Student#366', '1', '1992-08-27', '13673004646', '十堰', '51', '2019-03-31');
INSERT INTO `tb_student` VALUES ('367', 'Student#367', '1', '1994-08-29', '13978334486', '广州', '93', '2019-06-26');
INSERT INTO `tb_student` VALUES ('368', 'Student#368', '1', '1990-10-19', '13891248028', '六安', '38', '2019-04-13');
INSERT INTO `tb_student` VALUES ('369', 'Student#369', '1', '1993-12-04', '13927956454', '襄阳', '81', '2019-04-17');
INSERT INTO `tb_student` VALUES ('370', 'Student#370', '1', '1994-01-09', '13624649954', '郑州', '94', '2019-08-14');
INSERT INTO `tb_student` VALUES ('371', 'Student#371', '0', '1991-09-25', '13429280859', '温州', '93', '2019-05-22');
INSERT INTO `tb_student` VALUES ('372', 'Student#372', '1', '1992-11-18', '13386113816', '郑州', '65', '2019-09-20');
INSERT INTO `tb_student` VALUES ('373', 'Student#373', '0', '1995-05-19', '13594303067', '六安', '79', '2019-04-16');
INSERT INTO `tb_student` VALUES ('374', 'Student#374', '0', '1990-08-12', '13710248704', '六安', '27', '2019-10-02');
INSERT INTO `tb_student` VALUES ('375', 'Student#375', '1', '1992-11-30', '13571136869', '北京', '91', '2019-04-19');
INSERT INTO `tb_student` VALUES ('376', 'Student#376', '1', '1994-12-31', '13797413275', '温州', '90', '2019-09-09');
INSERT INTO `tb_student` VALUES ('377', 'Student#377', '0', '1992-04-11', '13756142584', '重庆', '2', '2019-09-02');
INSERT INTO `tb_student` VALUES ('378', 'Student#378', '0', '1990-04-08', '13823865487', '北京', '72', '2019-03-06');
INSERT INTO `tb_student` VALUES ('379', 'Student#379', '1', '1992-02-05', '13631392498', '武汉', '7', '2019-01-12');
INSERT INTO `tb_student` VALUES ('380', 'Student#380', '0', '1994-10-06', '13495731060', '长沙', '96', '2019-08-23');
INSERT INTO `tb_student` VALUES ('381', 'Student#381', '0', '1990-03-06', '13726913850', '十堰', '83', '2019-10-01');
INSERT INTO `tb_student` VALUES ('382', 'Student#382', '0', '1993-06-03', '13896248720', '上海', '88', '2019-09-20');
INSERT INTO `tb_student` VALUES ('383', 'Student#383', '1', '1991-12-27', '13489076601', '重庆', '66', '2019-04-10');
INSERT INTO `tb_student` VALUES ('384', 'Student#384', '0', '1992-02-14', '13672214321', '', '18', '2019-12-12');
INSERT INTO `tb_student` VALUES ('385', 'Student#385', '0', '1991-08-19', '13239741586', '温州', '61', '2019-12-29');
INSERT INTO `tb_student` VALUES ('386', 'Student#386', '0', '1993-10-07', '13697855739', '', '58', '2019-09-28');
INSERT INTO `tb_student` VALUES ('387', 'Student#387', '0', '1995-07-03', '13947662124', '上海', '5', '2019-10-21');
INSERT INTO `tb_student` VALUES ('388', 'Student#388', '1', '1991-04-19', '13827490868', '温州', '21', '2019-02-01');
INSERT INTO `tb_student` VALUES ('389', 'Student#389', '0', '1993-02-05', '13761771668', '上海', '63', '2019-04-29');
INSERT INTO `tb_student` VALUES ('390', 'Student#390', '1', '1990-07-14', '13778505002', '六安', '2', '2019-12-24');
INSERT INTO `tb_student` VALUES ('391', 'Student#391', '0', '1994-10-08', '13677169051', '广州', '48', '2019-05-16');
INSERT INTO `tb_student` VALUES ('392', 'Student#392', '1', '1994-02-06', '13140515117', '温州', '97', '2019-04-16');
INSERT INTO `tb_student` VALUES ('393', 'Student#393', '0', '1994-01-20', '13814391650', '十堰', '43', '2019-04-04');
INSERT INTO `tb_student` VALUES ('394', 'Student#394', '1', '1991-09-27', '13217437432', '', '18', '2019-01-15');
INSERT INTO `tb_student` VALUES ('395', 'Student#395', '1', '1993-02-17', '13456032605', '武汉', '9', '2019-07-09');
INSERT INTO `tb_student` VALUES ('396', 'Student#396', '0', '1993-05-17', '13847032684', '温州', '73', '2019-03-16');
INSERT INTO `tb_student` VALUES ('397', 'Student#397', '1', '1990-02-06', '13313737183', '北京', '8', '2019-01-26');
INSERT INTO `tb_student` VALUES ('398', 'Student#398', '1', '1994-05-18', '13875424513', '温州', '73', '2019-04-18');
INSERT INTO `tb_student` VALUES ('399', 'Student#399', '1', '1990-01-01', '13985757156', '平顶山', '44', '2019-08-18');
