1,1,Html,63,2022-8-27 18:43:20
2,1,MySQL,88,2022-6-10 14:43:36
3,1,Java,68,2022-6-9 18:03:52
4,1,Hadoop,100,2022-5-18 06:14:22
5,1,Javascript,74,2022-3-31 09:50:05
6,1,PS,100,2022-8-5 00:18:02
7,1,CBT,40,2022-6-4 16:05:56
8,1,Flume,66,2022-4-25 21:29:50
9,1,Hive,52,2022-7-30 05:52:54
10,1,Kafka,70,2022-9-10 16:09:43
11,1,Linux,82,2022-11-6 11:49:47
12,1,Spark,40,2022-7-16 16:50:43
13,1,HBase,53,2022-10-13 01:48:33
14,1,JavaWeb,44,2022-5-9 06:22:38
15,1,JavaAdvance,85,2022-2-6 17:16:06
16,2,Html,84,2022-9-19 12:45:24
17,2,MySQL,44,2022-8-16 05:27:59
18,2,Java,98,2022-7-23 06:14:54
19,2,Hadoop,99,2022-5-19 03:41:21
20,2,Javascript,58,2022-10-27 14:35:33
21,2,PS,94,2022-12-14 20:11:38
22,2,CBT,92,2022-10-10 21:33:52
23,2,Flume,57,2022-6-23 23:36:19
24,2,Hive,86,2022-4-16 06:08:26
25,2,Kafka,43,2022-7-27 22:09:41
26,2,Linux,23,2022-2-12 04:54:53
27,2,Spark,27,2022-4-7 22:59:34
28,2,HBase,26,2022-6-6 22:52:32
29,2,JavaWeb,35,2022-12-29 02:03:31
30,2,JavaAdvance,67,2022-6-23 07:59:39
31,3,Html,62,2022-10-13 07:13:40
32,3,MySQL,65,2022-3-15 13:06:40
33,3,Java,63,2022-8-8 13:11:26
34,3,Hadoop,72,2022-10-1 18:54:37
35,3,Javascript,89,2022-7-27 09:11:54
36,3,PS,82,2022-9-14 03:02:03
37,3,CBT,36,2022-2-22 18:58:25
38,3,Flume,96,2022-9-23 01:22:00
39,3,Hive,89,2022-7-30 03:10:39
40,3,Kafka,46,2022-2-21 10:05:22
41,3,Linux,91,2022-10-18 13:17:20
42,3,Spark,33,2022-1-6 21:29:46
43,3,HBase,41,2022-8-14 16:12:11
44,3,JavaWeb,25,2022-4-13 10:12:16
45,3,JavaAdvance,42,2022-3-7 08:01:04
46,4,Html,39,2022-3-15 09:00:57
47,4,MySQL,42,2022-6-19 09:28:35
48,4,Java,40,2022-11-21 22:03:07
49,4,Hadoop,52,2022-6-22 04:36:19
50,4,Javascript,25,2022-11-27 03:35:29
51,4,PS,51,2022-8-31 12:17:53
52,4,CBT,54,2022-7-26 12:53:59
53,4,Flume,37,2022-8-8 14:14:43
54,4,Hive,81,2022-9-7 04:02:21
55,4,Kafka,40,2022-12-9 20:21:47
56,4,Linux,27,2022-7-8 11:33:19
57,4,Spark,58,2022-7-16 05:46:22
58,4,HBase,51,2022-1-30 14:47:01
59,4,JavaWeb,62,2022-3-16 06:40:03
60,4,JavaAdvance,50,2022-6-4 03:41:36
61,5,Html,57,2022-11-26 19:34:37
62,5,MySQL,41,2022-8-5 08:40:04
63,5,Java,78,2022-2-24 04:59:59
64,5,Hadoop,56,2022-4-4 16:15:41
65,5,Javascript,65,2022-6-10 00:43:41
66,5,PS,89,2022-10-8 06:06:06
67,5,CBT,56,2022-7-27 11:07:49
68,5,Flume,98,2022-3-24 21:08:36
69,5,Hive,25,2022-6-3 14:13:37
70,5,Kafka,76,2022-9-18 14:27:44
71,5,Linux,65,2022-8-5 16:46:54
72,5,Spark,47,2022-10-25 00:04:49
73,5,HBase,27,2022-12-27 22:54:03
74,5,JavaWeb,24,2022-1-23 09:29:13
75,5,JavaAdvance,83,2022-9-21 05:41:47
76,6,Html,30,2022-6-30 20:00:29
77,6,MySQL,75,2022-5-17 13:56:03
78,6,Java,36,2022-11-30 09:06:13
79,6,Hadoop,49,2022-2-28 12:20:10
80,6,Javascript,92,2022-9-22 10:28:27
81,6,PS,73,2022-4-21 10:56:27
82,6,CBT,55,2022-7-6 03:34:42
83,6,Flume,36,2022-9-30 01:49:42
84,6,Hive,77,2022-1-11 03:35:04
85,6,Kafka,98,2022-6-3 10:42:01
86,6,Linux,33,2022-9-23 07:35:53
87,6,Spark,69,2022-2-5 14:49:49
88,6,HBase,55,2022-1-10 12:06:54
89,6,JavaWeb,45,2022-11-13 00:17:18
90,6,JavaAdvance,94,2022-8-5 20:40:19
91,7,Html,97,2022-11-14 19:42:19
92,7,MySQL,52,2022-1-24 02:43:25
93,7,Java,78,2022-5-30 01:36:34
94,7,Hadoop,40,2022-5-28 13:18:59
95,7,Javascript,69,2022-10-24 00:55:45
96,7,PS,35,2022-1-12 00:58:26
97,7,CBT,91,2022-10-9 22:41:45
98,7,Flume,27,2022-9-2 08:39:17
99,7,Hive,26,2022-4-18 00:18:08
100,7,Kafka,73,2022-7-9 15:08:50
101,7,Linux,33,2022-8-12 23:15:01
102,7,Spark,63,2022-7-1 16:33:17
103,7,HBase,90,2022-11-18 09:09:44
104,7,JavaWeb,53,2022-3-17 02:49:54
105,7,JavaAdvance,65,2022-9-1 19:36:25
106,8,Html,21,2022-6-16 12:09:36
107,8,MySQL,64,2022-12-22 15:57:48
108,8,Java,99,2022-1-13 07:01:42
109,8,Hadoop,62,2022-11-28 11:26:08
110,8,Javascript,100,2022-2-23 05:57:38
111,8,PS,44,2022-9-26 07:54:04
112,8,CBT,21,2022-1-2 03:01:47
113,8,Flume,30,2022-1-20 01:11:01
114,8,Hive,42,2022-6-13 09:06:58
115,8,Kafka,56,2022-11-13 20:32:34
116,8,Linux,80,2022-12-7 16:23:42
117,8,Spark,43,2022-5-27 19:31:37
118,8,HBase,79,2022-9-4 20:07:23
119,8,JavaWeb,34,2022-9-19 02:22:30
120,8,JavaAdvance,79,2022-5-10 21:31:05
121,9,Html,37,2022-7-24 15:35:32
128,9,Flume,42,2022-6-20 06:14:46
129,9,Hive,58,2022-1-10 18:18:55
130,9,Kafka,28,2022-2-1 05:21:30
131,9,Linux,21,2022-12-28 02:26:18
132,9,Spark,46,2022-12-16 00:16:43
133,9,HBase,37,2022-6-30 01:11:23
134,9,JavaWeb,52,2022-1-23 15:54:38
135,9,JavaAdvance,70,2022-9-2 09:09:24
136,10,Html,94,2022-7-12 01:21:03
137,10,MySQL,97,2022-9-2 03:34:25
138,10,Java,49,2022-3-8 05:16:58
139,10,Hadoop,52,2022-1-10 05:01:42
140,10,Javascript,100,2022-9-18 16:48:48
142,10,CBT,85,2022-2-22 22:39:12
143,10,Flume,100,2022-11-2 17:53:42
144,10,Hive,39,2022-4-9 19:35:03
145,10,Kafka,21,2022-1-6 20:33:32
146,10,Linux,47,2022-7-27 18:23:54
147,10,Spark,101,2022-10-28 12:31:26
148,10,HBase,23,2022-8-28 22:06:50
149,10,JavaWeb,68,2022-9-21 21:37:03
150,10,JavaAdvance,80,2022-11-19 12:23:09
151,11,Html,49,2022-9-20 23:58:19
152,11,MySQL,33,2022-8-6 08:40:34
153,11,Java,66,2022-1-8 15:37:13
154,11,Hadoop,37,2022-12-14 13:14:28
155,11,Javascript,67,2022-2-28 11:39:12
156,11,PS,24,2022-6-4 09:37:18
157,11,CBT,61,2022-5-5 07:20:41
158,11,Flume,22,2022-7-4 23:02:25
159,11,Hive,74,2022-11-19 06:54:11
160,11,Kafka,71,2022-9-4 03:38:37
161,11,Linux,68,2022-2-11 07:40:48
162,11,Spark,101,2022-6-14 13:21:18
163,11,HBase,87,2022-5-15 00:19:31
164,11,JavaWeb,63,2022-10-24 03:18:45
165,11,JavaAdvance,59,2022-10-5 16:21:24
166,12,Html,100,2022-8-31 23:37:23
167,12,MySQL,24,2022-4-9 17:27:58
168,12,Java,78,2022-11-26 23:53:40
169,12,Hadoop,73,2022-1-4 13:36:08
170,12,Javascript,21,2022-1-21 19:09:27
171,12,PS,63,2022-7-13 05:45:45
172,12,CBT,53,2022-1-13 02:06:10
173,12,Flume,50,2022-12-9 02:13:37
174,12,Hive,39,2022-4-30 08:44:47
175,12,Kafka,32,2022-3-15 17:50:26
176,12,Linux,49,2022-9-27 19:32:45
177,12,Spark,76,2022-9-22 05:18:02
178,12,HBase,41,2022-7-19 23:06:46
179,12,JavaWeb,70,2022-8-29 04:11:42
180,12,JavaAdvance,28,2022-7-7 10:02:55
181,13,Html,63,2022-2-28 07:01:51
182,13,MySQL,69,2022-7-21 11:07:07
183,13,Java,53,2022-6-9 01:13:29
184,13,Hadoop,48,2022-3-8 17:32:38
185,13,Javascript,69,2022-8-19 15:56:45
186,13,PS,99,2022-12-25 15:11:36
187,13,CBT,84,2022-1-4 21:45:20
188,13,Flume,44,2022-7-20 13:41:51
189,13,Hive,69,2022-1-24 21:11:59
190,13,Kafka,97,2022-3-18 00:45:28
191,13,Linux,58,2022-6-24 08:05:58
192,13,Spark,37,2022-11-24 14:37:29
193,13,HBase,37,2022-6-7 00:43:24
194,13,JavaWeb,52,2022-9-26 03:49:32
195,13,JavaAdvance,42,2022-9-19 11:39:33
196,14,Html,66,2022-11-3 23:37:24
197,14,MySQL,86,2022-7-13 22:05:13
198,14,Java,26,2022-9-10 12:28:58
199,14,Hadoop,44,2022-11-11 19:01:51
200,14,Javascript,32,2022-1-10 20:07:14
201,14,PS,53,2022-10-24 01:21:11
202,14,CBT,101,2022-12-19 14:16:40
203,14,Flume,87,2022-2-14 21:09:01
204,14,Hive,73,2022-10-16 20:07:30
205,14,Kafka,33,2022-12-8 07:54:11
206,14,Linux,79,2022-12-13 05:42:33
207,14,Spark,40,2022-1-23 00:50:39
208,14,HBase,87,2022-12-24 09:18:08
209,14,JavaWeb,79,2022-8-3 10:47:25
210,14,JavaAdvance,77,2022-7-27 15:25:42
211,15,Html,67,2022-9-13 10:38:43
212,15,MySQL,68,2022-7-29 18:23:08
213,15,Java,73,2022-10-5 19:07:09
214,15,Hadoop,63,2022-6-13 20:32:30
215,15,Javascript,25,2022-9-9 19:33:24
216,15,PS,84,2022-12-15 11:16:40
217,15,CBT,79,2022-2-19 20:52:12
218,15,Flume,24,2022-8-8 01:29:36
219,15,Hive,61,2022-11-30 00:27:20
220,15,Kafka,87,2022-5-3 18:12:59
221,15,Linux,48,2022-11-11 02:03:26
222,15,Spark,65,2022-10-6 15:11:09
223,15,HBase,66,2022-2-9 06:17:32
224,15,JavaWeb,49,2022-8-7 04:22:25
225,15,JavaAdvance,67,2022-2-12 07:22:25
226,16,Html,98,2022-9-2 09:13:14
227,16,MySQL,70,2022-8-7 20:07:46
228,16,Java,95,2022-3-28 21:33:14
229,16,Hadoop,51,2022-3-23 05:52:18
230,16,Javascript,54,2022-4-8 13:43:44
231,16,PS,79,2022-5-2 01:16:48
232,16,CBT,97,2022-2-4 12:40:23
233,16,Flume,66,2022-2-8 09:23:28
234,16,Hive,26,2022-11-1 00:04:59
235,16,Kafka,49,2022-1-24 02:45:14
236,16,Linux,59,2022-7-20 19:40:53
237,16,Spark,24,2022-3-23 21:55:34
238,16,HBase,57,2022-7-23 19:23:14
239,16,JavaWeb,63,2022-8-16 01:09:02
240,16,JavaAdvance,87,2022-10-19 17:42:00
252,17,Spark,43,2022-9-9 03:10:50
253,17,HBase,59,2022-6-21 21:22:46
254,17,JavaWeb,20,2022-3-12 16:01:42
255,17,JavaAdvance,20,2022-5-25 09:22:12
256,18,Html,44,2022-8-5 21:13:33
257,18,MySQL,71,2022-11-23 17:34:18
258,18,Java,94,2022-7-3 19:39:53
259,18,Hadoop,74,2022-1-7 21:15:58
260,18,Javascript,20,2022-3-5 08:23:19
261,18,PS,73,2022-1-16 06:57:05
262,18,CBT,90,2022-8-5 04:30:30
263,18,Flume,43,2022-7-5 21:15:27
264,18,Hive,73,2022-5-4 17:26:06
265,18,Kafka,40,2022-1-2 17:16:41
266,18,Linux,85,2022-10-12 10:50:52
267,18,Spark,54,2022-6-22 12:04:58
268,18,HBase,36,2022-4-4 15:21:13
269,18,JavaWeb,37,2022-1-26 17:00:15
270,18,JavaAdvance,95,2022-8-5 05:20:24
271,19,Html,65,2022-10-14 00:21:27
272,19,MySQL,57,2022-8-14 08:15:06
273,19,Java,95,2022-3-24 14:22:46
274,19,Hadoop,74,2022-5-17 16:55:33
275,19,Javascript,33,2022-3-21 18:37:31
276,19,PS,34,2022-11-21 13:06:00
277,19,CBT,95,2022-9-12 00:48:48
278,19,Flume,87,2022-8-7 19:08:57
279,19,Hive,58,2022-7-28 20:28:57
280,19,Kafka,64,2022-7-10 09:55:20
281,19,Linux,65,2022-9-14 21:06:10
282,19,Spark,38,2022-8-4 05:19:45
283,19,HBase,26,2022-12-14 12:01:43
284,19,JavaWeb,27,2022-7-20 16:03:35
285,19,JavaAdvance,87,2022-12-9 01:05:10
286,20,Html,31,2022-6-26 22:24:54
287,20,MySQL,62,2022-3-21 01:22:50
288,20,Java,89,2022-2-14 04:00:47
289,20,Hadoop,57,2022-3-12 09:50:43
290,20,Javascript,89,2022-12-17 14:39:05
291,20,PS,68,2022-5-6 08:25:57
292,20,CBT,87,2022-2-7 11:36:50
293,20,Flume,74,2022-7-20 12:06:49
294,20,Hive,81,2022-12-16 08:38:11
295,20,Kafka,29,2022-11-4 23:13:41
296,20,Linux,26,2022-12-13 02:08:23
297,20,Spark,92,2022-2-11 01:00:05
298,20,HBase,66,2022-10-18 05:15:23
299,20,JavaWeb,63,2022-10-18 21:53:31
300,20,JavaAdvance,66,2022-9-25 20:15:00
301,21,Html,61,2022-7-29 10:01:43
302,21,MySQL,67,2022-8-22 23:48:56
303,21,Java,22,2022-12-20 23:37:53
304,21,Hadoop,86,2022-1-10 11:41:45
305,21,Javascript,91,2022-1-11 15:24:14
306,21,PS,72,2022-7-20 20:58:59
307,21,CBT,24,2022-1-9 13:19:42
308,21,Flume,78,2022-11-26 03:09:57
309,21,Hive,42,2022-9-8 09:09:28
310,21,Kafka,58,2022-12-10 22:58:55
311,21,Linux,65,2022-9-24 14:47:55
312,21,Spark,101,2022-10-25 23:28:37
313,21,HBase,82,2022-6-30 14:31:57
314,21,JavaWeb,94,2022-3-2 01:07:32
315,21,JavaAdvance,84,2022-7-23 05:56:47
316,22,Html,30,2022-5-18 11:17:55
317,22,MySQL,97,2022-2-19 11:12:50
318,22,Java,23,2022-1-2 07:36:51
319,22,Hadoop,75,2022-5-30 08:18:16
320,22,Javascript,38,2022-6-17 07:17:24
321,22,PS,23,2022-11-18 17:08:03
322,22,CBT,42,2022-10-21 00:08:15
323,22,Flume,40,2022-8-12 03:04:56
324,22,Hive,76,2022-8-2 22:14:00
325,22,Kafka,52,2022-6-8 21:11:12
326,22,Linux,97,2022-3-30 22:19:36
327,22,Spark,38,2022-4-12 22:37:42
328,22,HBase,64,2022-5-12 23:51:31
329,22,JavaWeb,79,2022-12-22 22:19:15
330,22,JavaAdvance,73,2022-6-26 19:24:08
331,23,Html,25,2022-8-26 11:17:10
332,23,MySQL,97,2022-10-17 10:20:06
333,23,Java,78,2022-9-21 20:51:19
334,23,Hadoop,101,2022-7-22 02:50:54
335,23,Javascript,85,2022-6-4 18:51:38
336,23,PS,48,2022-3-8 06:41:40
337,23,CBT,72,2022-1-24 14:15:30
338,23,Flume,99,2022-2-26 10:56:37
339,23,Hive,89,2022-10-14 01:44:59
340,23,Kafka,43,2022-6-21 03:39:31
341,23,Linux,68,2022-9-6 01:35:01
342,23,Spark,22,2022-8-24 04:36:03
343,23,HBase,54,2022-6-5 15:27:13
344,23,JavaWeb,66,2022-1-1 14:43:16
345,23,JavaAdvance,38,2022-6-3 15:36:33
346,24,Html,96,2022-8-9 23:17:06
347,24,MySQL,69,2022-5-21 17:36:24
348,24,Java,68,2022-1-4 21:36:20
349,24,Hadoop,24,2022-9-14 09:14:59
350,24,Javascript,47,2022-2-6 17:18:01
351,24,PS,97,2022-5-24 12:19:23
352,24,CBT,98,2022-6-24 22:52:20
353,24,Flume,81,2022-11-9 04:03:09
354,24,Hive,65,2022-9-1 06:03:52
355,24,Kafka,86,2022-9-22 10:44:04
356,24,Linux,70,2022-3-9 23:47:23
357,24,Spark,52,2022-12-15 00:10:51
358,24,HBase,52,2022-7-14 05:48:54
359,24,JavaWeb,93,2022-6-8 06:43:25
360,24,JavaAdvance,33,2022-5-24 07:10:39
361,25,Html,29,2022-4-14 22:31:46
362,25,MySQL,36,2022-10-7 06:10:22
363,25,Java,35,2022-12-21 03:38:04
364,25,Hadoop,29,2022-11-20 05:27:01
365,25,Javascript,78,2022-12-31 07:08:07
366,25,PS,80,2022-8-25 03:40:41
367,25,CBT,50,2022-11-13 12:35:56
368,25,Flume,96,2022-8-17 00:24:33
369,25,Hive,95,2022-6-24 12:23:31
370,25,Kafka,95,2022-5-3 19:48:58
371,25,Linux,97,2022-9-26 07:15:53
372,25,Spark,53,2022-7-25 17:43:13
373,25,HBase,34,2022-12-26 12:42:37
374,25,JavaWeb,62,2022-6-26 19:06:56
375,25,JavaAdvance,50,2022-9-11 02:38:07
376,26,Html,66,2022-5-27 10:26:41
377,26,MySQL,94,2022-10-14 16:35:53
378,26,Java,80,2022-3-7 05:45:08
379,26,Hadoop,20,2022-2-5 03:23:50
380,26,Javascript,81,2022-4-7 16:15:40
381,26,PS,87,2022-12-4 19:05:09
382,26,CBT,22,2022-7-5 05:26:57
383,26,Flume,46,2022-4-14 19:03:08
384,26,Hive,68,2022-6-12 06:31:21
385,26,Kafka,63,2022-9-12 01:51:31
386,26,Linux,66,2022-10-27 16:58:57
387,26,Spark,75,2022-6-10 09:04:07
388,26,HBase,92,2022-5-27 13:09:47
389,26,JavaWeb,37,2022-9-29 09:21:14
390,26,JavaAdvance,87,2022-10-10 00:49:56
391,27,Html,37,2022-9-26 18:41:03
392,27,MySQL,49,2022-7-14 14:33:12
393,27,Java,52,2022-1-30 22:10:47
394,27,Hadoop,26,2022-4-21 10:15:17
395,27,Javascript,57,2022-4-22 01:44:20
396,27,PS,96,2022-6-24 04:58:00
397,27,CBT,30,2022-3-2 21:21:30
398,27,Flume,90,2022-5-15 23:38:17
399,27,Hive,26,2022-8-6 14:28:23
400,27,Kafka,37,2022-3-21 09:25:51
401,27,Linux,26,2022-7-5 13:02:34
402,27,Spark,101,2022-5-22 21:28:02
403,27,HBase,45,2022-5-22 09:08:47
404,27,JavaWeb,45,2022-2-8 22:12:12
405,27,JavaAdvance,89,2022-12-15 21:26:09
406,28,Html,96,2022-9-28 16:42:59
407,28,MySQL,47,2022-8-10 15:07:32
408,28,Java,75,2022-11-17 19:39:48
409,28,Hadoop,71,2022-1-31 21:25:42
410,28,Javascript,42,2022-9-26 03:33:36
411,28,PS,49,2022-4-19 23:17:40
412,28,CBT,85,2022-8-9 12:44:38
413,28,Flume,40,2022-12-25 23:02:10
414,28,Hive,31,2022-9-6 01:04:41
415,28,Kafka,99,2022-4-22 05:03:26
416,28,Linux,99,2022-8-29 06:02:43
417,28,Spark,21,2022-2-9 07:35:46
418,28,HBase,67,2022-12-30 19:18:48
419,28,JavaWeb,99,2022-4-3 11:45:07
420,28,JavaAdvance,41,2022-8-14 18:37:14
421,29,Html,86,2022-5-27 00:53:29
422,29,MySQL,75,2022-3-9 00:55:17
423,29,Java,98,2022-4-7 09:52:53
424,29,Hadoop,91,2022-6-9 02:22:59
425,29,Javascript,48,2022-3-5 22:21:10
426,29,PS,59,2022-6-3 03:47:03
427,29,CBT,62,2022-1-31 09:25:41
428,29,Flume,33,2022-4-8 07:33:45
429,29,Hive,96,2022-4-3 05:12:59
430,29,Kafka,22,2022-8-30 12:28:00
431,29,Linux,55,2022-6-23 12:59:32
432,29,Spark,91,2022-1-27 15:22:27
433,29,HBase,43,2022-8-12 21:58:53
434,29,JavaWeb,23,2022-11-8 09:54:21
435,29,JavaAdvance,25,2022-11-14 19:04:40
436,30,Html,20,2022-5-11 06:46:54
437,30,MySQL,39,2022-8-14 00:49:38
438,30,Java,47,2022-9-16 14:49:20
439,30,Hadoop,60,2022-4-21 02:42:38
440,30,Javascript,30,2022-2-15 16:17:06
441,30,PS,26,2022-4-25 18:25:29
442,30,CBT,81,2022-7-4 13:49:45
443,30,Flume,48,2022-9-10 15:38:48
444,30,Hive,58,2022-6-28 06:57:43
445,30,Kafka,49,2022-8-14 17:43:48
446,30,Linux,85,2022-6-25 03:04:09
447,30,Spark,69,2022-7-15 02:51:44
448,30,HBase,39,2022-10-11 19:06:37
449,30,JavaWeb,91,2022-12-28 13:19:16
450,30,JavaAdvance,28,2022-3-8 03:34:57
451,31,Html,92,2022-6-8 14:13:01
452,31,MySQL,23,2022-9-27 06:16:39
453,31,Java,25,2022-10-7 06:50:54
454,31,Hadoop,53,2022-7-12 12:18:49
460,31,Kafka,26,2022-3-28 23:35:45
461,31,Linux,88,2022-2-25 00:05:43
462,31,Spark,59,2022-5-6 11:53:27
463,31,HBase,100,2022-9-14 16:48:17
464,31,JavaWeb,23,2022-9-7 15:16:52
465,31,JavaAdvance,83,2022-9-22 01:21:58
466,32,Html,58,2022-9-12 19:11:05
467,32,MySQL,32,2022-1-26 19:31:07
468,32,Java,68,2022-7-28 16:55:44
469,32,Hadoop,63,2022-9-8 19:30:32
470,32,Javascript,34,2022-4-19 09:35:48
471,32,PS,62,2022-2-16 01:11:26
472,32,CBT,72,2022-1-22 20:05:04
473,32,Flume,74,2022-11-13 20:11:09
474,32,Hive,28,2022-7-22 21:04:13
475,32,Kafka,60,2022-10-8 10:32:57
476,32,Linux,92,2022-4-3 08:59:31
477,32,Spark,92,2022-3-31 20:17:31
478,32,HBase,97,2022-11-6 09:22:35
479,32,JavaWeb,93,2022-6-10 14:47:45
480,32,JavaAdvance,33,2022-12-2 13:25:10
481,33,Html,81,2022-8-15 04:34:52
482,33,MySQL,22,2022-9-13 18:49:44
483,33,Java,57,2022-9-9 04:27:35
484,33,Hadoop,21,2022-1-17 04:12:24
485,33,Javascript,85,2022-5-10 17:36:23
486,33,PS,93,2022-10-27 11:32:39
487,33,CBT,53,2022-8-3 21:16:52
488,33,Flume,56,2022-12-19 22:43:04
489,33,Hive,63,2022-7-19 16:00:10
490,33,Kafka,44,2022-2-11 02:59:05
491,33,Linux,30,2022-7-9 09:24:11
492,33,Spark,37,2022-4-24 01:30:25
493,33,HBase,70,2022-12-14 09:48:37
494,33,JavaWeb,97,2022-9-25 07:09:43
495,33,JavaAdvance,70,2022-4-25 20:11:51
496,34,Html,75,2022-10-1 07:45:09
497,34,MySQL,37,2022-12-2 18:17:40
498,34,Java,46,2022-7-9 00:39:12
499,34,Hadoop,80,2022-12-17 05:00:50
500,34,Javascript,68,2022-8-4 17:24:38
501,34,PS,84,2022-1-7 13:12:48
502,34,CBT,37,2022-8-6 01:36:04
503,34,Flume,68,2022-12-15 16:43:16
504,34,Hive,34,2022-10-27 08:09:51
505,34,Kafka,64,2022-11-11 04:08:10
506,34,Linux,53,2022-10-28 16:44:40
507,34,Spark,87,2022-5-23 00:04:42
508,34,HBase,82,2022-4-8 13:21:46
509,34,JavaWeb,73,2022-4-6 10:29:20
510,34,JavaAdvance,43,2022-2-17 12:38:44
511,35,Html,54,2022-8-6 09:24:47
512,35,MySQL,62,2022-12-25 01:20:49
513,35,Java,52,2022-5-6 17:55:25
514,35,Hadoop,82,2022-2-6 03:46:52
515,35,Javascript,85,2022-6-8 09:07:18
516,35,PS,30,2022-5-31 01:17:45
517,35,CBT,99,2022-11-23 14:45:26
518,35,Flume,98,2022-3-18 01:41:30
519,35,Hive,80,2022-7-3 19:32:22
520,35,Kafka,61,2022-3-14 00:58:01
521,35,Linux,99,2022-11-18 14:11:50
522,35,Spark,65,2022-10-28 05:07:02
523,35,HBase,25,2022-9-18 02:45:13
524,35,JavaWeb,52,2022-10-2 14:19:15
525,35,JavaAdvance,67,2022-4-23 07:11:55
526,36,Html,89,2022-4-17 20:50:31
527,36,MySQL,85,2022-4-21 18:30:43
528,36,Java,33,2022-5-25 16:52:27
529,36,Hadoop,60,2022-3-8 11:30:00
530,36,Javascript,75,2022-2-23 22:03:32
531,36,PS,94,2022-9-23 04:27:49
532,36,CBT,37,2022-10-6 06:27:48
533,36,Flume,40,2022-3-3 10:22:36
534,36,Hive,69,2022-8-27 11:06:43
535,36,Kafka,36,2022-2-27 11:57:20
536,36,Linux,75,2022-11-2 00:28:45
537,36,Spark,55,2022-12-26 15:50:17
538,36,HBase,95,2022-12-13 19:44:36
539,36,JavaWeb,44,2022-3-27 01:12:13
540,36,JavaAdvance,43,2022-4-16 21:24:21
541,37,Html,81,2022-3-31 14:22:29
542,37,MySQL,62,2022-4-21 14:02:22
543,37,Java,44,2022-7-28 00:40:26
544,37,Hadoop,80,2022-12-26 10:39:46
545,37,Javascript,77,2022-8-7 23:05:38
546,37,PS,34,2022-9-27 01:18:59
547,37,CBT,29,2022-3-9 07:23:06
548,37,Flume,87,2022-2-5 20:05:14
549,37,Hive,58,2022-8-24 05:20:58
550,37,Kafka,58,2022-10-26 10:53:44
551,37,Linux,23,2022-12-30 16:35:30
552,37,Spark,53,2022-7-24 01:29:06
553,37,HBase,63,2022-9-13 21:55:41
554,37,JavaWeb,64,2022-9-15 23:48:08
555,37,JavaAdvance,66,2022-12-27 02:21:26
556,38,Html,83,2022-5-4 10:18:26
557,38,MySQL,58,2022-4-28 09:29:14
558,38,Java,76,2022-3-31 16:31:36
559,38,Hadoop,33,2022-11-25 13:22:07
560,38,Javascript,58,2022-9-17 20:24:02
561,38,PS,26,2022-7-26 01:22:48
562,38,CBT,84,2022-10-22 09:10:46
563,38,Flume,48,2022-8-10 22:19:10
564,38,Hive,22,2022-3-15 05:53:40
565,38,Kafka,91,2022-10-9 08:34:55
566,38,Linux,37,2022-12-22 15:27:05
567,38,Spark,100,2022-7-6 11:25:22
568,38,HBase,96,2022-10-20 23:10:30
569,38,JavaWeb,54,2022-3-5 12:40:15
570,38,JavaAdvance,28,2022-9-12 08:28:14
571,39,Html,28,2022-7-9 19:55:31
572,39,MySQL,90,2022-6-24 10:59:39
573,39,Java,20,2022-4-8 05:58:02
574,39,Hadoop,33,2022-8-16 12:44:01
575,39,Javascript,65,2022-7-28 15:07:12
576,39,PS,76,2022-6-25 11:24:36
577,39,CBT,66,2022-1-4 13:05:57
578,39,Flume,32,2022-10-9 17:06:40
579,39,Hive,77,2022-5-22 22:21:19
580,39,Kafka,39,2022-3-18 20:11:09
581,39,Linux,31,2022-5-1 00:43:43
582,39,Spark,51,2022-12-28 22:51:44
583,39,HBase,94,2022-11-3 17:11:46
584,39,JavaWeb,61,2022-8-24 01:44:41
585,39,JavaAdvance,101,2022-9-19 07:16:33
586,40,Html,75,2022-3-1 19:13:31
587,40,MySQL,33,2022-10-8 03:37:45
588,40,Java,101,2022-5-3 10:04:18
589,40,Hadoop,95,2022-5-18 23:04:58
590,40,Javascript,60,2022-6-22 23:37:35
591,40,PS,101,2022-4-9 16:24:35
592,40,CBT,31,2022-9-3 12:16:35
593,40,Flume,58,2022-7-1 12:31:43
594,40,Hive,43,2022-4-15 10:21:10
595,40,Kafka,21,2022-3-20 08:48:02
596,40,Linux,31,2022-3-11 21:01:55
597,40,Spark,34,2022-9-13 03:49:31
598,40,HBase,65,2022-9-29 23:16:43
599,40,JavaWeb,50,2022-9-12 11:51:54
600,40,JavaAdvance,34,2022-10-19 18:05:23
601,41,Html,39,2022-5-15 11:46:16
602,41,MySQL,70,2022-1-12 04:33:05
603,41,Java,28,2022-11-26 15:56:44
604,41,Hadoop,99,2022-1-6 03:00:37
605,41,Javascript,83,2022-9-17 11:03:17
606,41,PS,42,2022-10-28 14:24:51
607,41,CBT,36,2022-3-13 05:17:42
608,41,Flume,77,2022-4-27 23:41:46
609,41,Hive,89,2022-7-19 18:30:26
610,41,Kafka,25,2022-8-4 15:33:14
611,41,Linux,64,2022-1-27 04:45:29
612,41,Spark,97,2022-6-8 12:22:57
613,41,HBase,62,2022-4-21 23:27:12
614,41,JavaWeb,54,2022-12-24 01:30:51
615,41,JavaAdvance,59,2022-6-18 20:40:37
616,42,Html,20,2022-9-21 06:24:31
617,42,MySQL,80,2022-8-12 22:52:55
618,42,Java,91,2022-5-9 18:14:38
619,42,Hadoop,55,2022-8-6 07:26:48
620,42,Javascript,94,2022-10-10 16:29:16
621,42,PS,68,2022-6-10 01:15:51
622,42,CBT,100,2022-1-25 23:52:15
623,42,Flume,30,2022-9-25 04:32:22
624,42,Hive,61,2022-8-20 15:11:25
625,42,Kafka,40,2022-6-19 00:48:28
626,42,Linux,76,2022-11-22 02:54:22
627,42,Spark,39,2022-1-13 14:20:18
628,42,HBase,94,2022-8-13 05:16:15
629,42,JavaWeb,24,2022-10-28 12:55:57
630,42,JavaAdvance,58,2022-5-20 03:09:01
631,43,Html,57,2022-9-26 20:23:52
632,43,MySQL,88,2022-4-12 10:53:09
633,43,Java,54,2022-9-23 14:38:04
634,43,Hadoop,98,2022-7-29 04:52:30
635,43,Javascript,49,2022-9-4 20:14:24
636,43,PS,24,2022-10-11 16:44:40
637,43,CBT,87,2022-1-30 19:00:02
638,43,Flume,72,2022-3-10 22:58:52
639,43,Hive,86,2022-11-3 20:25:31
640,43,Kafka,58,2022-11-2 06:58:21
641,43,Linux,50,2022-12-3 05:40:44
642,43,Spark,33,2022-8-1 03:05:19
643,43,HBase,62,2022-4-9 01:59:33
644,43,JavaWeb,52,2022-10-5 01:21:37
645,43,JavaAdvance,77,2022-7-18 07:47:59
646,44,Html,50,2022-4-16 08:14:09
647,44,MySQL,62,2022-7-8 16:48:18
661,45,Html,99,2022-11-28 21:03:33
662,45,MySQL,63,2022-3-23 00:02:41
663,45,Java,36,2022-7-3 06:35:44
664,45,Hadoop,81,2022-2-2 16:58:19
665,45,Javascript,85,2022-4-8 12:13:46
666,45,PS,27,2022-2-26 22:15:25
667,45,CBT,58,2022-3-28 06:06:03
668,45,Flume,80,2022-5-22 17:56:21
669,45,Hive,32,2022-7-12 03:31:28
670,45,Kafka,46,2022-1-11 17:17:16
671,45,Linux,80,2022-1-19 00:15:50
672,45,Spark,60,2022-11-3 12:13:48
673,45,HBase,56,2022-9-19 06:26:38
674,45,JavaWeb,54,2022-9-4 20:24:46
675,45,JavaAdvance,31,2022-5-22 21:28:28
676,46,Html,60,2022-10-2 18:54:48
677,46,MySQL,34,2022-3-22 23:25:35
678,46,Java,98,2022-11-19 07:28:30
679,46,Hadoop,80,2022-7-11 16:08:59
680,46,Javascript,20,2022-4-23 15:07:12
681,46,PS,48,2022-2-24 10:13:28
682,46,CBT,94,2022-7-9 07:06:47
683,46,Flume,98,2022-4-14 15:20:56
684,46,Hive,99,2022-9-11 18:56:48
685,46,Kafka,61,2022-8-3 05:36:58
686,46,Linux,41,2022-4-2 19:58:09
687,46,Spark,91,2022-5-22 19:54:47
688,46,HBase,83,2022-11-3 01:28:09
689,46,JavaWeb,86,2022-3-6 06:14:43
690,46,JavaAdvance,52,2022-6-3 00:00:41
691,47,Html,20,2022-10-28 12:01:56
692,47,MySQL,35,2022-3-30 22:47:36
693,47,Java,33,2022-8-31 05:40:23
694,47,Hadoop,20,2022-12-29 20:25:42
695,47,Javascript,31,2022-8-22 23:15:21
696,47,PS,32,2022-3-21 16:00:59
697,47,CBT,101,2022-11-20 09:01:38
698,47,Flume,76,2022-5-13 21:44:56
699,47,Hive,69,2022-5-2 06:29:48
700,47,Kafka,22,2022-4-21 08:26:09
701,47,Linux,89,2022-8-28 15:57:14
702,47,Spark,35,2022-10-16 20:31:16
703,47,HBase,46,2022-11-25 06:18:29
704,47,JavaWeb,94,2022-5-12 10:07:18
705,47,JavaAdvance,77,2022-1-29 13:15:39
706,48,Html,30,2022-7-20 03:04:44
707,48,MySQL,54,2022-6-3 21:20:54
708,48,Java,29,2022-3-30 21:14:47
709,48,Hadoop,25,2022-5-18 02:49:43
710,48,Javascript,69,2022-10-9 19:21:37
711,48,PS,90,2022-7-31 19:59:31
712,48,CBT,40,2022-1-8 03:01:24
713,48,Flume,70,2022-8-6 04:27:22
714,48,Hive,36,2022-10-10 16:10:07
715,48,Kafka,57,2022-4-16 08:37:58
716,48,Linux,59,2022-7-6 06:02:16
717,48,Spark,29,2022-6-27 10:41:15
718,48,HBase,23,2022-10-2 08:06:10
719,48,JavaWeb,62,2022-10-23 09:00:15
720,48,JavaAdvance,32,2022-9-11 23:56:01
721,49,Html,23,2022-11-17 14:24:54
722,49,MySQL,20,2022-10-2 08:27:47
723,49,Java,65,2022-12-14 19:29:36
724,49,Hadoop,33,2022-10-22 00:31:06
725,49,Javascript,75,2022-6-4 15:23:40
726,49,PS,85,2022-6-29 13:33:46
727,49,CBT,72,2022-1-11 07:00:48
728,49,Flume,81,2022-9-24 12:32:31
729,49,Hive,69,2022-12-5 22:22:35
730,49,Kafka,50,2022-9-11 04:00:28
731,49,Linux,58,2022-2-18 15:12:34
732,49,Spark,28,2022-8-17 19:19:18
733,49,HBase,86,2022-5-16 07:40:03
734,49,JavaWeb,47,2022-7-7 21:36:39
735,49,JavaAdvance,27,2022-9-29 14:19:00
736,50,Html,36,2022-3-21 21:48:28
737,50,MySQL,83,2022-6-8 15:39:58
738,50,Java,69,2022-6-23 09:10:55
739,50,Hadoop,83,2022-1-31 06:31:27
740,50,Javascript,29,2022-2-27 19:03:01
741,50,PS,29,2022-12-18 05:40:51
742,50,CBT,98,2022-3-11 16:06:43
743,50,Flume,26,2022-1-6 15:13:36
744,50,Hive,46,2022-2-22 04:12:52
745,50,Kafka,27,2022-2-13 05:20:06
746,50,Linux,98,2022-8-24 08:06:12
747,50,Spark,55,2022-1-17 18:48:35
748,50,HBase,52,2022-2-3 11:48:39
749,50,JavaWeb,98,2022-10-18 07:22:24
750,50,JavaAdvance,83,2022-6-6 18:29:16
751,51,Html,86,2022-3-3 11:06:58
752,51,MySQL,64,2022-1-11 03:28:49
753,51,Java,84,2022-6-11 17:47:54
754,51,Hadoop,36,2022-6-13 03:42:50
755,51,Javascript,64,2022-2-2 14:10:03
756,51,PS,101,2022-11-29 12:46:18
757,51,CBT,64,2022-2-21 07:22:09
758,51,Flume,93,2022-12-23 03:49:45
759,51,Hive,75,2022-1-26 08:34:59
760,51,Kafka,44,2022-12-1 03:21:47
761,51,Linux,40,2022-2-12 20:07:13
762,51,Spark,100,2022-9-27 01:25:22
763,51,HBase,29,2022-11-1 10:08:33
764,51,JavaWeb,49,2022-11-26 08:15:25
765,51,JavaAdvance,34,2022-3-18 09:46:06
766,52,Html,77,2022-7-8 04:03:22
767,52,MySQL,44,2022-9-10 19:32:20
768,52,Java,26,2022-4-5 05:22:45
769,52,Hadoop,23,2022-5-26 05:25:32
770,52,Javascript,49,2022-1-15 08:28:38
771,52,PS,52,2022-12-23 02:05:53
772,52,CBT,43,2022-3-31 08:03:14
773,52,Flume,54,2022-3-11 12:40:29
774,52,Hive,37,2022-4-16 02:47:14
775,52,Kafka,30,2022-4-1 02:46:46
776,52,Linux,70,2022-1-31 17:25:24
777,52,Spark,52,2022-3-14 08:10:02
778,52,HBase,20,2022-7-29 17:51:57
779,52,JavaWeb,49,2022-1-18 14:20:20
780,52,JavaAdvance,90,2022-8-24 17:45:56
781,53,Html,28,2022-4-26 21:40:50
782,53,MySQL,78,2022-2-1 20:23:18
783,53,Java,86,2022-11-30 20:10:14
784,53,Hadoop,23,2022-9-8 13:35:19
785,53,Javascript,66,2022-8-7 00:33:24
786,53,PS,36,2022-2-23 05:48:11
787,53,CBT,36,2022-8-18 05:55:31
788,53,Flume,26,2022-11-30 00:53:12
789,53,Hive,60,2022-12-30 19:36:25
790,53,Kafka,49,2022-2-3 12:18:19
791,53,Linux,98,2022-3-5 06:50:55
792,53,Spark,81,2022-2-27 23:25:26
793,53,HBase,28,2022-7-15 12:22:02
794,53,JavaWeb,97,2022-11-29 00:41:27
795,53,JavaAdvance,38,2022-8-15 05:25:20
796,54,Html,77,2022-2-3 09:34:23
797,54,MySQL,69,2022-5-29 02:17:54
798,54,Java,85,2022-8-5 03:17:40
799,54,Hadoop,28,2022-10-29 23:59:34
800,54,Javascript,77,2022-6-6 17:45:52
801,54,PS,76,2022-12-17 02:01:28
802,54,CBT,32,2022-5-21 07:27:18
803,54,Flume,70,2022-10-19 00:27:55
804,54,Hive,83,2022-7-14 12:39:54
805,54,Kafka,76,2022-10-25 20:10:19
806,54,Linux,20,2022-6-9 04:14:35
807,54,Spark,24,2022-9-17 20:59:04
808,54,HBase,100,2022-2-3 14:50:37
809,54,JavaWeb,48,2022-5-14 09:52:31
810,54,JavaAdvance,58,2022-9-25 18:40:05
811,55,Html,70,2022-4-10 07:48:36
812,55,MySQL,61,2022-8-23 11:53:42
813,55,Java,28,2022-10-20 06:24:28
814,55,Hadoop,90,2022-8-19 05:23:41
815,55,Javascript,38,2022-9-5 13:09:26
816,55,PS,39,2022-1-30 18:33:34
817,55,CBT,57,2022-1-14 09:18:10
818,55,Flume,25,2022-3-29 02:14:40
819,55,Hive,74,2022-6-12 02:55:28
820,55,Kafka,59,2022-3-6 04:13:11
821,55,Linux,67,2022-12-17 01:15:01
822,55,Spark,66,2022-12-9 22:12:59
823,55,HBase,88,2022-10-9 03:41:06
824,55,JavaWeb,27,2022-10-20 08:39:40
825,55,JavaAdvance,27,2022-8-28 19:14:03
826,56,Html,33,2022-4-1 00:42:25
827,56,MySQL,70,2022-9-12 11:16:40
828,56,Java,21,2022-2-23 13:01:45
829,56,Hadoop,32,2022-3-18 15:46:55
830,56,Javascript,52,2022-3-25 07:46:37
831,56,PS,33,2022-11-7 00:50:45
832,56,CBT,52,2022-3-3 03:04:03
833,56,Flume,47,2022-10-13 00:12:20
834,56,Hive,55,2022-10-29 01:05:24
835,56,Kafka,96,2022-3-23 18:20:01
836,56,Linux,29,2022-9-12 18:46:13
837,56,Spark,50,2022-6-6 09:47:43
838,56,HBase,82,2022-2-19 19:40:02
839,56,JavaWeb,53,2022-8-27 17:00:36
840,56,JavaAdvance,80,2022-6-30 07:42:46
841,57,Html,101,2022-5-7 15:55:35
842,57,MySQL,51,2022-9-15 03:21:01
843,57,Java,38,2022-9-11 14:22:36
844,57,Hadoop,45,2022-11-8 01:51:59
845,57,Javascript,85,2022-6-23 13:22:36
846,57,PS,90,2022-10-19 06:34:34
847,57,CBT,100,2022-2-1 09:28:56
848,57,Flume,25,2022-5-18 15:44:04
849,57,Hive,88,2022-1-22 23:08:41
850,57,Kafka,29,2022-2-15 01:26:26
851,57,Linux,97,2022-9-4 23:24:57
852,57,Spark,35,2022-5-17 03:17:01
853,57,HBase,45,2022-12-10 15:00:38
854,57,JavaWeb,75,2022-9-8 19:11:41
855,57,JavaAdvance,79,2022-2-10 23:52:56
856,58,Html,38,2022-1-11 03:27:45
857,58,MySQL,36,2022-7-13 11:15:11
858,58,Java,33,2022-11-12 13:15:59
859,58,Hadoop,31,2022-1-13 22:00:37
860,58,Javascript,33,2022-1-28 17:24:07
861,58,PS,88,2022-7-30 08:35:14
862,58,CBT,67,2022-1-11 12:25:15
863,58,Flume,28,2022-7-25 12:35:53
864,58,Hive,43,2022-12-8 11:55:10
865,58,Kafka,83,2022-7-19 14:26:44
866,58,Linux,90,2022-11-25 07:58:11
867,58,Spark,52,2022-1-17 13:15:36
868,58,HBase,36,2022-8-25 07:17:22
869,58,JavaWeb,29,2022-11-28 04:43:26
870,58,JavaAdvance,66,2022-10-27 12:00:06
871,59,Html,71,2022-8-28 23:10:09
872,59,MySQL,63,2022-11-26 20:53:42
873,59,Java,99,2022-9-17 21:59:16
874,59,Hadoop,93,2022-3-31 02:24:42
875,59,Javascript,98,2022-1-15 07:35:57
876,59,PS,50,2022-10-12 04:59:43
877,59,CBT,37,2022-2-15 02:37:10
878,59,Flume,56,2022-5-23 21:39:04
879,59,Hive,37,2022-8-26 08:49:38
880,59,Kafka,49,2022-9-25 18:25:58
881,59,Linux,98,2022-10-17 09:11:52
882,59,Spark,93,2022-1-19 11:03:31
883,59,HBase,89,2022-1-23 17:38:16
884,59,JavaWeb,54,2022-12-13 10:36:36
885,59,JavaAdvance,64,2022-1-13 19:49:45
886,60,Html,42,2022-6-2 14:52:51
887,60,MySQL,82,2022-1-31 16:25:47
888,60,Java,29,2022-1-30 20:58:10
889,60,Hadoop,61,2022-9-16 07:58:14
890,60,Javascript,35,2022-7-4 01:44:43
891,60,PS,57,2022-10-29 17:05:31
892,60,CBT,21,2022-7-16 09:57:24
893,60,Flume,70,2022-3-6 05:04:35
894,60,Hive,27,2022-11-28 07:04:19
895,60,Kafka,38,2022-6-8 21:18:37
896,60,Linux,38,2022-2-4 08:14:05
897,60,Spark,24,2022-1-11 13:14:44
898,60,HBase,41,2022-7-19 00:25:02
899,60,JavaWeb,95,2022-6-26 01:37:08
900,60,JavaAdvance,58,2022-3-24 04:48:55
901,61,Html,76,2022-10-3 13:13:31
902,61,MySQL,67,2022-6-10 16:49:12
916,62,Html,97,2022-1-16 14:10:44
917,62,MySQL,61,2022-3-21 08:28:00
918,62,Java,60,2022-7-14 00:18:45
919,62,Hadoop,58,2022-2-20 13:49:31
920,62,Javascript,62,2022-6-13 01:04:54
921,62,PS,59,2022-7-17 15:17:35
922,62,CBT,47,2022-5-9 06:54:07
923,62,Flume,69,2022-6-1 22:23:30
924,62,Hive,20,2022-8-3 23:42:26
925,62,Kafka,44,2022-3-10 21:49:55
926,62,Linux,27,2022-5-30 07:10:24
927,62,Spark,87,2022-2-11 23:00:02
928,62,HBase,70,2022-10-15 07:58:05
929,62,JavaWeb,63,2022-10-13 07:45:39
930,62,JavaAdvance,29,2022-2-21 07:52:01
931,63,Html,21,2022-6-28 03:27:12
932,63,MySQL,77,2022-2-16 20:51:07
933,63,Java,24,2022-4-28 07:56:52
934,63,Hadoop,69,2022-9-2 12:25:08
935,63,Javascript,36,2022-4-16 10:33:29
936,63,PS,44,2022-5-28 13:52:13
937,63,CBT,26,2022-2-15 17:23:30
938,63,Flume,34,2022-5-10 23:44:29
939,63,Hive,50,2022-4-6 10:36:18
940,63,Kafka,94,2022-12-10 13:48:56
941,63,Linux,74,2022-8-21 18:17:09
942,63,Spark,46,2022-5-31 00:00:12
943,63,HBase,91,2022-5-10 08:31:21
944,63,JavaWeb,80,2022-6-16 13:38:52
945,63,JavaAdvance,54,2022-9-14 17:11:28
946,64,Html,70,2022-9-11 15:17:05
947,64,MySQL,36,2022-6-11 07:23:50
948,64,Java,26,2022-1-22 08:07:26
949,64,Hadoop,98,2022-9-12 04:56:08
950,64,Javascript,36,2022-1-10 13:52:19
951,64,PS,99,2022-5-15 05:06:01
952,64,CBT,76,2022-9-12 18:52:33
953,64,Flume,89,2022-5-27 23:17:13
954,64,Hive,71,2022-7-10 17:15:47
955,64,Kafka,29,2022-1-17 21:06:18
956,64,Linux,96,2022-1-25 23:24:52
957,64,Spark,97,2022-12-16 00:36:20
958,64,HBase,53,2022-4-14 05:30:19
959,64,JavaWeb,29,2022-3-9 01:08:38
960,64,JavaAdvance,86,2022-7-20 05:57:39
961,65,Html,32,2022-6-21 22:59:26
962,65,MySQL,85,2022-7-13 17:55:00
963,65,Java,55,2022-4-1 04:55:54
964,65,Hadoop,95,2022-1-7 17:55:23
965,65,Javascript,32,2022-5-23 05:56:24
966,65,PS,96,2022-5-31 01:04:36
967,65,CBT,92,2022-2-10 20:56:39
968,65,Flume,71,2022-5-10 00:57:03
969,65,Hive,84,2022-2-1 04:09:30
970,65,Kafka,81,2022-5-31 10:46:54
971,65,Linux,25,2022-7-13 14:27:16
972,65,Spark,55,2022-4-6 17:31:19
973,65,HBase,57,2022-12-11 18:52:40
974,65,JavaWeb,63,2022-8-8 01:43:29
975,65,JavaAdvance,84,2022-3-3 08:02:47
976,66,Html,49,2022-7-21 15:51:10
977,66,MySQL,66,2022-4-8 11:14:52
978,66,Java,50,2022-5-30 12:15:17
979,66,Hadoop,77,2022-5-17 20:07:27
980,66,Javascript,77,2022-11-20 20:39:46
981,66,PS,75,2022-11-9 09:58:54
982,66,CBT,38,2022-7-16 19:19:24
983,66,Flume,80,2022-12-22 10:54:08
984,66,Hive,95,2022-10-9 03:42:01
985,66,Kafka,41,2022-7-30 13:54:33
986,66,Linux,87,2022-7-11 12:44:23
987,66,Spark,54,2022-5-15 16:15:50
988,66,HBase,69,2022-3-25 13:12:10
989,66,JavaWeb,22,2022-5-6 03:47:11
990,66,JavaAdvance,52,2022-12-5 15:39:16
991,67,Html,91,2022-12-6 01:45:19
992,67,MySQL,66,2022-7-11 17:34:49
993,67,Java,31,2022-3-7 12:32:05
994,67,Hadoop,33,2022-3-16 18:07:23
995,67,Javascript,47,2022-6-12 06:42:51
996,67,PS,34,2022-2-1 16:41:36
997,67,CBT,80,2022-2-18 20:53:24
998,67,Flume,41,2022-9-22 00:25:56
999,67,Hive,44,2022-11-23 02:32:56
1000,67,Kafka,45,2022-7-6 10:54:05
1001,67,Linux,70,2022-2-3 06:12:48
1002,67,Spark,52,2022-5-1 05:13:08
1003,67,HBase,85,2022-11-11 23:16:58
1004,67,JavaWeb,58,2022-3-7 08:32:21
1005,67,JavaAdvance,20,2022-4-13 12:57:49
1006,68,Html,56,2022-4-10 01:39:57
1007,68,MySQL,32,2022-10-6 10:50:20
1008,68,Java,63,2022-2-6 09:52:39
1009,68,Hadoop,58,2022-3-28 02:38:38
1010,68,Javascript,25,2022-4-22 18:24:07
1011,68,PS,40,2022-3-31 21:35:00
1012,68,CBT,23,2022-7-7 04:48:15
1013,68,Flume,64,2022-3-14 19:15:25
1014,68,Hive,40,2022-9-12 21:48:32
1015,68,Kafka,54,2022-1-18 19:54:49
1016,68,Linux,87,2022-3-12 07:59:45
1017,68,Spark,48,2022-10-4 23:38:59
1018,68,HBase,68,2022-5-13 00:06:36
1019,68,JavaWeb,52,2022-2-12 16:24:20
1020,68,JavaAdvance,57,2022-1-6 01:33:59
1021,69,Html,42,2022-12-2 14:18:36
1022,69,MySQL,89,2022-8-24 01:24:25
1023,69,Java,88,2022-7-7 09:10:13
1024,69,Hadoop,49,2022-6-20 04:48:56
1025,69,Javascript,82,2022-2-6 04:40:05
1026,69,PS,99,2022-6-25 22:23:22
1027,69,CBT,56,2022-9-2 23:20:19
1028,69,Flume,46,2022-1-9 01:29:36
1029,69,Hive,26,2022-10-12 19:55:22
1030,69,Kafka,20,2022-9-27 03:55:22
1031,69,Linux,57,2022-11-30 20:04:18
1032,69,Spark,42,2022-4-29 14:33:16
1033,69,HBase,69,2022-4-28 17:30:29
1034,69,JavaWeb,23,2022-6-12 01:12:14
1035,69,JavaAdvance,60,2022-1-20 17:12:53
1036,70,Html,42,2022-8-28 21:40:39
1037,70,MySQL,41,2022-3-29 18:58:17
1038,70,Java,37,2022-11-30 01:45:52
1039,70,Hadoop,55,2022-5-31 17:01:19
1040,70,Javascript,22,2022-7-5 08:13:57
1041,70,PS,96,2022-3-6 09:40:05
1042,70,CBT,63,2022-7-1 16:16:25
1043,70,Flume,53,2022-6-23 22:55:41
1044,70,Hive,46,2022-9-10 17:06:08
1045,70,Kafka,89,2022-1-27 01:17:03
1046,70,Linux,51,2022-3-9 16:47:51
1047,70,Spark,38,2022-2-22 07:52:58
1048,70,HBase,50,2022-8-13 16:22:10
1049,70,JavaWeb,62,2022-5-23 11:11:20
1050,70,JavaAdvance,35,2022-7-17 13:24:24
1051,71,Html,42,2022-6-19 09:01:10
1052,71,MySQL,33,2022-10-31 17:18:15
1053,71,Java,46,2022-4-8 01:22:26
1054,71,Hadoop,33,2022-4-7 21:31:36
1055,71,Javascript,26,2022-1-2 02:09:05
1056,71,PS,57,2022-12-30 02:28:04
1057,71,CBT,64,2022-12-21 03:04:23
1058,71,Flume,22,2022-11-9 22:00:10
1059,71,Hive,90,2022-1-3 13:04:47
1060,71,Kafka,74,2022-7-17 15:29:53
1061,71,Linux,70,2022-9-28 11:35:45
1062,71,Spark,41,2022-1-7 18:11:52
1063,71,HBase,93,2022-8-30 20:21:07
1064,71,JavaWeb,20,2022-5-2 04:32:09
1065,71,JavaAdvance,29,2022-9-9 06:34:50
1066,72,Html,60,2022-10-12 14:23:34
1067,72,MySQL,71,2022-11-1 00:59:22
1068,72,Java,57,2022-3-6 12:36:33
1069,72,Hadoop,27,2022-10-19 11:25:47
1070,72,Javascript,71,2022-4-1 14:37:31
1071,72,PS,56,2022-12-19 23:11:36
1072,72,CBT,68,2022-9-2 16:32:43
1073,72,Flume,80,2022-8-21 18:49:25
1074,72,Hive,42,2022-12-28 04:51:47
1075,72,Kafka,57,2022-10-25 03:13:47
1076,72,Linux,77,2022-7-29 17:51:28
1077,72,Spark,39,2022-8-10 21:30:40
1078,72,HBase,85,2022-9-9 19:11:10
1079,72,JavaWeb,73,2022-8-4 09:49:14
1080,72,JavaAdvance,97,2022-11-29 09:57:54
1081,73,Html,97,2022-7-14 11:23:51
1082,73,MySQL,52,2022-2-20 11:34:03
1083,73,Java,90,2022-12-10 15:45:48
1084,73,Hadoop,66,2022-5-22 20:54:39
1085,73,Javascript,98,2022-3-16 14:51:30
1086,73,PS,90,2022-9-18 20:54:44
1087,73,CBT,58,2022-9-23 23:14:05
1088,73,Flume,49,2022-12-24 11:54:47
1089,73,Hive,90,2022-11-22 14:27:38
1090,73,Kafka,53,2022-11-6 05:49:14
1091,73,Linux,74,2022-11-5 19:09:11
1092,73,Spark,96,2022-4-3 14:57:52
1093,73,HBase,47,2022-10-1 15:49:08
1094,73,JavaWeb,45,2022-3-16 00:31:16
1095,73,JavaAdvance,64,2022-2-22 04:25:38
1096,74,Html,23,2022-10-23 21:50:32
1097,74,MySQL,62,2022-11-28 14:56:43
1098,74,Java,24,2022-3-16 04:43:55
1099,74,Hadoop,97,2022-8-14 19:38:58
1100,74,Javascript,97,2022-7-20 08:28:47
1101,74,PS,97,2022-7-27 18:27:21
1102,74,CBT,78,2022-9-26 20:30:12
1103,74,Flume,23,2022-1-13 00:00:42
1104,74,Hive,101,2022-9-11 21:34:01
1105,74,Kafka,31,2022-3-8 10:19:41
1106,74,Linux,94,2022-7-5 19:24:44
1107,74,Spark,32,2022-8-21 05:27:39
1108,74,HBase,93,2022-8-12 21:25:06
1109,74,JavaWeb,37,2022-2-15 01:55:42
1110,74,JavaAdvance,65,2022-4-10 20:44:03
1111,75,Html,86,2022-2-15 04:42:24
1112,75,MySQL,40,2022-1-24 03:18:24
1113,75,Java,79,2022-4-8 10:18:36
1114,75,Hadoop,100,2022-8-18 20:05:21
1115,75,Javascript,77,2022-6-25 02:21:26
1116,75,PS,33,2022-1-26 07:41:04
1117,75,CBT,61,2022-2-28 17:42:55
1118,75,Flume,91,2022-4-8 13:41:02
1119,75,Hive,27,2022-12-1 21:18:20
1120,75,Kafka,52,2022-11-16 10:05:29
1121,75,Linux,57,2022-10-28 02:18:32
1122,75,Spark,88,2022-9-3 04:00:02
1123,75,HBase,20,2022-2-3 00:23:10
1124,75,JavaWeb,36,2022-9-30 02:14:12
1125,75,JavaAdvance,70,2022-7-10 13:07:10
1126,76,Html,60,2022-4-6 11:29:36
1127,76,MySQL,43,2022-3-6 07:55:29
1128,76,Java,30,2022-2-12 19:14:08
1129,76,Hadoop,93,2022-7-12 17:03:01
1130,76,Javascript,30,2022-2-12 03:31:56
1131,76,PS,23,2022-1-29 17:40:28
1132,76,CBT,68,2022-4-11 10:35:47
1133,76,Flume,73,2022-2-6 15:35:12
1134,76,Hive,97,2022-10-28 02:57:09
1135,76,Kafka,86,2022-6-21 06:55:41
1136,76,Linux,46,2022-10-9 13:30:51
1137,76,Spark,57,2022-7-29 11:00:44
1138,76,HBase,50,2022-9-19 12:37:25
1139,76,JavaWeb,99,2022-11-26 06:32:45
1140,76,JavaAdvance,34,2022-12-23 12:21:04
1141,77,Html,40,2022-10-6 07:43:24
1142,77,MySQL,86,2022-12-15 05:15:22
1143,77,Java,70,2022-1-30 20:44:16
1144,77,Hadoop,41,2022-12-20 21:48:57
1145,77,Javascript,70,2022-3-13 20:47:28
1146,77,PS,50,2022-11-17 19:11:06
1147,77,CBT,100,2022-5-20 21:12:02
1148,77,Flume,34,2022-6-1 23:21:16
1149,77,Hive,31,2022-1-3 15:38:57
1150,77,Kafka,93,2022-11-15 00:56:47
1151,77,Linux,66,2022-5-11 03:22:27
1152,77,Spark,62,2022-8-25 14:14:42
1153,77,HBase,71,2022-1-18 07:05:53
1154,77,JavaWeb,28,2022-8-9 13:00:33
1155,77,JavaAdvance,49,2022-4-11 14:15:51
1156,78,Html,37,2022-4-11 21:32:44
1157,78,MySQL,88,2022-6-27 16:54:15
1158,78,Java,60,2022-4-6 07:32:21
1159,78,Hadoop,44,2022-3-29 00:50:13
1160,78,Javascript,27,2022-9-17 09:58:12
1161,78,PS,52,2022-9-26 07:03:03
1162,78,CBT,96,2022-1-18 03:01:46
1163,78,Flume,101,2022-12-6 17:40:20
1164,78,Hive,99,2022-6-8 19:50:52
1165,78,Kafka,60,2022-5-28 23:44:31
1166,78,Linux,97,2022-9-25 16:14:24
1167,78,Spark,88,2022-7-2 17:58:25
1168,78,HBase,25,2022-5-24 16:34:01
1169,78,JavaWeb,52,2022-11-29 05:33:11
1170,78,JavaAdvance,23,2022-9-8 10:22:44
1171,79,Html,42,2022-11-7 04:36:50
1172,79,MySQL,32,2022-5-15 23:26:29
1173,79,Java,86,2022-11-26 09:50:13
1174,79,Hadoop,76,2022-6-13 00:34:54
1175,79,Javascript,34,2022-6-30 12:40:49
1176,79,PS,73,2022-2-9 14:46:01
1177,79,CBT,29,2022-10-7 16:19:46
1178,79,Flume,70,2022-10-10 09:28:28
1179,79,Hive,25,2022-5-8 06:28:03
1180,79,Kafka,28,2022-1-28 17:17:31
1181,79,Linux,45,2022-9-26 22:08:42
1182,79,Spark,100,2022-7-12 13:45:21
1183,79,HBase,96,2022-11-27 14:51:30
1184,79,JavaWeb,74,2022-8-23 14:05:34
1185,79,JavaAdvance,83,2022-11-28 00:40:39
1186,80,Html,90,2022-10-31 23:34:14
1187,80,MySQL,77,2022-6-7 11:33:27
1188,80,Java,72,2022-1-15 11:24:03
1189,80,Hadoop,73,2022-10-2 15:13:51
1190,80,Javascript,68,2022-4-11 17:06:25
1191,80,PS,49,2022-9-12 01:28:39
1192,80,CBT,33,2022-2-25 08:09:05
1193,80,Flume,38,2022-9-28 00:34:16
1194,80,Hive,87,2022-11-17 01:57:55
1195,80,Kafka,61,2022-3-23 09:08:14
1196,80,Linux,66,2022-4-2 23:40:48
1197,80,Spark,38,2022-10-12 02:29:00
1198,80,HBase,83,2022-6-21 01:46:34
1199,80,JavaWeb,36,2022-2-2 14:00:24
1200,80,JavaAdvance,47,2022-3-17 13:18:31
1201,81,Html,50,2022-3-18 12:03:44
1202,81,MySQL,85,2022-1-19 18:32:22
1203,81,Java,39,2022-3-29 08:22:19
1204,81,Hadoop,93,2022-3-16 07:59:39
1205,81,Javascript,29,2022-5-14 02:30:49
1206,81,PS,98,2022-12-8 20:26:30
1207,81,CBT,81,2022-8-16 18:26:20
1208,81,Flume,45,2022-4-23 08:44:50
1209,81,Hive,25,2022-6-19 20:56:27
1210,81,Kafka,31,2022-2-2 08:41:43
1211,81,Linux,67,2022-12-26 00:37:07
1212,81,Spark,29,2022-1-12 07:26:01
1213,81,HBase,20,2022-7-10 04:29:36
1214,81,JavaWeb,49,2022-3-3 11:50:29
1215,81,JavaAdvance,90,2022-9-5 05:27:59
1216,82,Html,65,2022-2-8 10:07:57
1217,82,MySQL,57,2022-12-4 15:26:17
1218,82,Java,90,2022-7-12 04:18:13
1219,82,Hadoop,88,2022-5-27 03:52:44
1220,82,Javascript,46,2022-8-29 12:17:59
1221,82,PS,28,2022-10-20 22:21:00
1222,82,CBT,26,2022-1-23 16:10:59
1223,82,Flume,67,2022-4-7 02:38:58
1224,82,Hive,68,2022-6-23 08:35:08
1225,82,Kafka,89,2022-11-28 12:01:13
1226,82,Linux,76,2022-11-26 18:58:17
1227,82,Spark,93,2022-5-27 12:21:44
1228,82,HBase,29,2022-10-10 11:57:19
1229,82,JavaWeb,33,2022-11-4 02:37:28
1230,82,JavaAdvance,43,2022-11-7 05:00:03
1231,83,Html,62,2022-10-24 22:03:26
1232,83,MySQL,26,2022-11-11 01:15:14
1233,83,Java,84,2022-12-2 06:14:46
1234,83,Hadoop,84,2022-9-8 21:26:32
1235,83,Javascript,51,2022-2-18 10:08:56
1236,83,PS,98,2022-10-29 06:02:12
1237,83,CBT,39,2022-5-23 10:01:25
1238,83,Flume,36,2022-6-6 15:13:43
1239,83,Hive,53,2022-1-9 17:04:12
1240,83,Kafka,60,2022-8-20 18:15:45
1241,83,Linux,43,2022-4-4 04:46:02
1242,83,Spark,35,2022-2-9 23:54:24
1243,83,HBase,43,2022-11-26 10:36:47
1244,83,JavaWeb,29,2022-11-1 16:23:23
1245,83,JavaAdvance,82,2022-8-6 06:53:05
1259,84,JavaWeb,64,2022-10-5 19:32:26
1260,84,JavaAdvance,37,2022-12-17 19:11:54
1261,85,Html,56,2022-10-3 04:44:14
1262,85,MySQL,69,2022-8-15 13:27:06
1263,85,Java,69,2022-8-31 03:05:10
1264,85,Hadoop,88,2022-2-13 21:40:34
1265,85,Javascript,68,2022-9-6 14:28:26
1266,85,PS,39,2022-12-6 20:18:45
1267,85,CBT,80,2022-12-3 14:54:28
1268,85,Flume,63,2022-1-6 13:13:40
1269,85,Hive,96,2022-5-17 05:51:17
1270,85,Kafka,50,2022-11-15 21:01:45
1271,85,Linux,73,2022-1-16 08:37:08
1272,85,Spark,37,2022-7-29 12:01:02
1273,85,HBase,67,2022-7-14 06:44:26
1274,85,JavaWeb,78,2022-12-22 18:02:23
1275,85,JavaAdvance,93,2022-11-17 03:09:46
1276,86,Html,25,2022-7-18 22:18:57
1277,86,MySQL,81,2022-3-21 13:32:17
1278,86,Java,82,2022-9-10 20:00:13
1279,86,Hadoop,89,2022-10-4 20:48:10
1280,86,Javascript,34,2022-9-3 09:54:09
1281,86,PS,100,2022-12-3 23:56:42
1282,86,CBT,70,2022-12-5 18:07:19
1283,86,Flume,55,2022-6-16 06:47:23
1284,86,Hive,49,2022-3-21 20:27:42
1285,86,Kafka,101,2022-11-1 14:57:13
1286,86,Linux,22,2022-12-28 01:59:06
1287,86,Spark,93,2022-6-5 07:13:49
1288,86,HBase,63,2022-6-2 04:09:13
1289,86,JavaWeb,73,2022-4-9 09:50:50
1290,86,JavaAdvance,32,2022-7-1 21:39:13
1291,87,Html,37,2022-11-14 09:53:10
1292,87,MySQL,37,2022-12-11 12:21:56
1293,87,Java,94,2022-2-20 04:28:11
1294,87,Hadoop,95,2022-6-9 06:21:31
1295,87,Javascript,30,2022-4-16 01:17:05
1296,87,PS,77,2022-6-10 04:44:55
1297,87,CBT,91,2022-1-2 00:31:03
1298,87,Flume,27,2022-10-18 02:16:34
1299,87,Hive,95,2022-10-7 03:07:40
1300,87,Kafka,63,2022-1-21 02:48:51
1301,87,Linux,45,2022-8-8 16:41:16
1302,87,Spark,79,2022-10-28 04:39:32
1303,87,HBase,97,2022-4-26 02:05:41
1304,87,JavaWeb,21,2022-2-8 19:20:48
1305,87,JavaAdvance,30,2022-4-27 06:57:01
1306,88,Html,99,2022-12-20 18:01:55
1307,88,MySQL,84,2022-2-19 09:16:24
1308,88,Java,39,2022-4-9 19:54:48
1309,88,Hadoop,27,2022-8-17 07:01:09
1310,88,Javascript,53,2022-12-16 10:16:36
1311,88,PS,85,2022-1-7 06:27:52
1312,88,CBT,90,2022-6-3 21:52:49
1313,88,Flume,100,2022-12-11 03:17:35
1314,88,Hive,44,2022-3-11 07:35:14
1315,88,Kafka,82,2022-1-14 05:09:43
1316,88,Linux,94,2022-12-16 13:27:01
1317,88,Spark,56,2022-11-13 23:03:37
1318,88,HBase,61,2022-11-18 15:09:28
1319,88,JavaWeb,74,2022-5-8 22:31:29
1320,88,JavaAdvance,35,2022-3-5 18:44:29
1321,89,Html,30,2022-4-27 04:03:44
1322,89,MySQL,63,2022-10-7 18:05:52
1323,89,Java,77,2022-2-21 11:30:44
1324,89,Hadoop,81,2022-1-10 10:45:43
1325,89,Javascript,77,2022-4-15 14:04:23
1326,89,PS,38,2022-1-14 14:52:39
1327,89,CBT,28,2022-4-16 08:05:51
1328,89,Flume,95,2022-12-3 07:40:59
1329,89,Hive,101,2022-6-24 04:07:24
1330,89,Kafka,79,2022-10-10 07:31:00
1331,89,Linux,44,2022-10-5 16:38:36
1332,89,Spark,74,2022-10-23 19:10:01
1333,89,HBase,74,2022-12-12 02:41:08
1334,89,JavaWeb,76,2022-10-15 11:28:43
1335,89,JavaAdvance,68,2022-9-11 04:59:44
1336,90,Html,93,2022-3-23 18:48:02
1337,90,MySQL,66,2022-1-14 00:01:38
1338,90,Java,66,2022-7-18 01:22:57
1339,90,Hadoop,63,2022-5-21 08:11:11
1340,90,Javascript,25,2022-2-21 05:10:20
1341,90,PS,22,2022-2-3 09:27:34
1342,90,CBT,61,2022-9-3 08:18:16
1343,90,Flume,79,2022-10-8 11:34:37
1344,90,Hive,51,2022-2-28 22:46:00
1345,90,Kafka,27,2022-2-28 17:16:06
1346,90,Linux,55,2022-5-9 22:59:22
1347,90,Spark,39,2022-3-6 02:40:42
1348,90,HBase,24,2022-10-2 22:35:00
1349,90,JavaWeb,74,2022-11-15 10:12:23
1350,90,JavaAdvance,27,2022-4-20 09:53:43
1351,91,Html,52,2022-5-20 10:53:42
1352,91,MySQL,54,2022-3-31 09:03:28
1353,91,Java,47,2022-5-22 04:51:21
1354,91,Hadoop,61,2022-10-6 15:39:05
1355,91,Javascript,53,2022-11-28 00:02:16
1356,91,PS,79,2022-7-27 19:04:53
1357,91,CBT,29,2022-2-2 08:13:09
1358,91,Flume,81,2022-9-12 16:06:11
1359,91,Hive,96,2022-8-20 03:24:06
1360,91,Kafka,45,2022-10-5 07:33:01
1361,91,Linux,97,2022-12-26 23:20:45
1362,91,Spark,91,2022-4-9 16:07:45
1363,91,HBase,45,2022-1-3 13:58:12
1364,91,JavaWeb,57,2022-11-6 06:49:31
1365,91,JavaAdvance,35,2022-8-22 19:56:52
1366,92,Html,93,2022-12-19 21:51:36
1367,92,MySQL,22,2022-10-16 20:40:26
1368,92,Java,34,2022-10-11 00:13:18
1369,92,Hadoop,36,2022-12-15 01:01:46
1370,92,Javascript,76,2022-4-26 09:16:17
1371,92,PS,81,2022-3-21 21:32:05
1372,92,CBT,89,2022-9-21 07:16:47
1373,92,Flume,95,2022-7-28 06:11:17
1374,92,Hive,66,2022-8-3 02:01:46
1375,92,Kafka,34,2022-9-23 12:52:30
1376,92,Linux,37,2022-10-22 23:03:08
1377,92,Spark,100,2022-8-13 01:08:49
1378,92,HBase,37,2022-7-31 18:37:40
1379,92,JavaWeb,69,2022-7-9 12:15:32
1380,92,JavaAdvance,63,2022-10-16 15:39:43
1381,93,Html,47,2022-9-22 21:38:42
1382,93,MySQL,20,2022-11-17 05:27:33
1383,93,Java,48,2022-8-18 00:31:21
1384,93,Hadoop,73,2022-10-5 04:17:26
1385,93,Javascript,42,2022-12-19 00:52:06
1386,93,PS,89,2022-3-2 18:07:05
1387,93,CBT,74,2022-1-15 02:12:09
1388,93,Flume,53,2022-6-6 00:45:23
1389,93,Hive,56,2022-9-4 18:36:27
1390,93,Kafka,23,2022-11-25 05:40:32
1391,93,Linux,100,2022-1-20 14:53:55
1392,93,Spark,31,2022-3-1 14:00:42
1393,93,HBase,81,2022-5-10 07:35:47
1394,93,JavaWeb,91,2022-12-2 16:49:28
1395,93,JavaAdvance,88,2022-12-10 17:26:07
1396,94,Html,54,2022-8-11 05:41:03
1397,94,MySQL,86,2022-10-12 17:10:39
1398,94,Java,67,2022-1-23 19:30:10
1399,94,Hadoop,73,2022-6-4 18:04:49
1400,94,Javascript,58,2022-8-27 12:20:21
1401,94,PS,27,2022-3-15 16:40:58
1402,94,CBT,47,2022-3-20 06:35:00
1403,94,Flume,38,2022-7-14 10:19:04
1404,94,Hive,41,2022-9-18 22:40:48
1405,94,Kafka,58,2022-3-17 00:07:59
1406,94,Linux,28,2022-9-14 03:25:04
1407,94,Spark,50,2022-9-29 10:09:39
1408,94,HBase,59,2022-5-4 07:32:35
1409,94,JavaWeb,72,2022-3-29 08:17:20
1410,94,JavaAdvance,79,2022-9-11 10:06:08
1411,95,Html,83,2022-12-17 00:27:27
1412,95,MySQL,44,2022-4-12 20:05:00
1413,95,Java,43,2022-2-10 00:38:26
1414,95,Hadoop,47,2022-9-6 15:04:53
1415,95,Javascript,73,2022-5-30 14:14:56
1416,95,PS,96,2022-10-11 02:04:03
1417,95,CBT,91,2022-2-21 00:25:28
1418,95,Flume,101,2022-10-12 15:04:19
1419,95,Hive,31,2022-10-15 16:07:55
1420,95,Kafka,37,2022-12-2 20:45:25
1421,95,Linux,101,2022-11-1 12:21:54
1422,95,Spark,74,2022-3-26 17:45:00
1423,95,HBase,99,2022-7-8 18:00:59
1424,95,JavaWeb,101,2022-10-11 04:23:40
1425,95,JavaAdvance,95,2022-1-22 18:10:39
1426,96,Html,56,2022-5-14 13:16:16
1427,96,MySQL,75,2022-11-6 19:51:04
1428,96,Java,54,2022-12-16 22:34:06
1429,96,Hadoop,91,2022-2-13 07:17:50
1430,96,Javascript,74,2022-11-4 16:05:39
1431,96,PS,75,2022-9-7 11:35:28
1432,96,CBT,45,2022-11-5 13:06:43
1433,96,Flume,92,2022-10-8 19:31:49
1434,96,Hive,82,2022-4-5 14:01:22
1435,96,Kafka,35,2022-11-15 02:36:08
1436,96,Linux,52,2022-4-8 08:18:55
1437,96,Spark,90,2022-12-8 19:58:30
1438,96,HBase,96,2022-5-21 20:10:59
1439,96,JavaWeb,81,2022-4-11 03:38:59
1440,96,JavaAdvance,92,2022-11-1 23:22:07
1441,97,Html,67,2022-4-27 03:11:19
1442,97,MySQL,89,2022-6-7 16:14:20
1443,97,Java,97,2022-11-1 22:12:28
1444,97,Hadoop,73,2022-12-2 18:50:16
1445,97,Javascript,75,2022-9-29 03:35:58
1446,97,PS,98,2022-12-2 01:18:33
1447,97,CBT,28,2022-1-26 21:51:08
1448,97,Flume,96,2022-12-18 22:58:47
1449,97,Hive,25,2022-2-25 17:50:28
1450,97,Kafka,50,2022-3-7 14:52:57
1451,97,Linux,92,2022-7-25 21:52:36
1452,97,Spark,84,2022-11-25 11:32:08
1453,97,HBase,53,2022-3-29 19:11:29
1454,97,JavaWeb,91,2022-9-9 13:36:34
1455,97,JavaAdvance,20,2022-9-16 21:11:05
1456,98,Html,56,2022-4-22 19:45:25
1457,98,MySQL,83,2022-7-1 16:50:09
1458,98,Java,45,2022-10-15 10:19:53
1459,98,Hadoop,61,2022-1-29 10:42:31
1460,98,Javascript,89,2022-9-4 19:13:36
1461,98,PS,80,2022-7-16 21:47:34
1462,98,CBT,77,2022-8-16 09:33:05
1463,98,Flume,72,2022-6-7 19:11:54
1464,98,Hive,45,2022-9-22 14:16:20
1465,98,Kafka,38,2022-1-25 07:20:53
1466,98,Linux,44,2022-1-30 09:24:51
1469,98,JavaWeb,62,2022-11-28 22:25:07
1470,98,JavaAdvance,58,2022-6-28 10:20:55
1471,99,Html,74,2022-4-11 15:25:40
1472,99,MySQL,52,2022-5-22 02:38:00
1473,99,Java,40,2022-1-18 18:23:04
1474,99,Hadoop,77,2022-11-11 18:08:32
1480,99,Kafka,23,2022-5-22 01:09:08
1481,99,Linux,47,2022-7-29 08:20:31
1482,99,Spark,89,2022-10-13 22:34:07
1483,99,HBase,58,2022-3-6 01:50:37
1484,99,JavaWeb,35,2022-1-12 15:19:58
1485,99,JavaAdvance,58,2022-2-6 09:33:35
